chr1	143660927	143660947	701	chr1	143184587	145686998	_	0	.	143184587	145686998	0,0,0
chr1	143722186	143722188	702	chr1	143184587	145686998	_	0	.	143184587	145686998	0,0,0
chr1	145574869	145574871	703	chr1	143184587	145686998	_	0	.	143184587	145686998	0,0,0
chr1	145865767	145865769	704	chr1	145686999	146048495	1q21.1_recurrent_(TAR_syndrome)_region_(BP2-BP3,_proximal)_(includes_RBM8A)	0	.	145686999	146048495	255,111,0
chr1	145889715	145889717	705	chr1	145686999	146048495	1q21.1_recurrent_(TAR_syndrome)_region_(BP2-BP3,_proximal)_(includes_RBM8A)	0	.	145686999	146048495	255,111,0
chr1	146907597	146907630	706	chr1	146149062	147105903	_	0	.	146149062	147105903	0,0,0
chr1	147060451	147060556	707	chr1	146149062	147105903	_	0	.	146149062	147105903	0,0,0
chr1	147148010	147148012	708	chr1	147105904	147917509	1q21.1_recurrent_region_(BP3-BP4,_distal)_(includes_GJA5)	0	.	147105904	147917509	255,111,0
chr1	147316674	147316693	709	chr1	147105904	147917509	1q21.1_recurrent_region_(BP3-BP4,_distal)_(includes_GJA5)	0	.	147105904	147917509	255,111,0
chr1	148273861	148274634	710	chr1	147917510	149876379	BP4	0	.	147917510	149876379	0,0,0
chr1	148364985	148365003	711	chr1	147917510	149876379	BP4	0	.	147917510	149876379	0,0,0
chr1	149039401	149039424	712	chr1	147917510	149876379	BP4	0	.	147917510	149876379	0,0,0
chr2	96494235	96494253	1863	chr2	96073264	97005692	2q11.2_recurrent_region_(ARID5A,_LMAN2L_included)	0	.	96073264	97005692	255,111,0
chr2	97152091	97156822	1864	chr2	97005693	97643144	2q11.2_distal_breakpoint	0	.	97005693	97643144	0,0,0
chr2	97188569	97190391	1865	chr2	97005693	97643144	2q11.2_distal_breakpoint	0	.	97005693	97643144	0,0,0
chr2	97202192	97207803	1866	chr2	97005693	97643144	2q11.2_distal_breakpoint	0	.	97005693	97643144	0,0,0
chr2	97207904	97209772	1867	chr2	97005693	97643144	2q11.2_distal_breakpoint	0	.	97005693	97643144	0,0,0
chr2	97548337	97550058	1868	chr2	97005693	97643144	2q11.2_distal_breakpoint	0	.	97005693	97643144	0,0,0
chr2	110212291	110212329	1934	chr2	110104531	110228181	2q13_recurrent_region_(includes_NPHP1)	0	.	110104531	110228181	255,111,0
chr2	110818826	110819060	1935	chr2	110634616	112347165	2q13_recurrent_region_(includes_BCL2L11)	0	.	110634616	112347165	255,111,0
chr2	110995964	110996020	1936	chr2	110634616	112347165	2q13_recurrent_region_(includes_BCL2L11)	0	.	110634616	112347165	255,111,0
chr2	111223292	111224738	1937	chr2	110634616	112347165	2q13_recurrent_region_(includes_BCL2L11)	0	.	110634616	112347165	255,111,0
chr2	111714695	111714697	1938	chr2	110634616	112347165	2q13_recurrent_region_(includes_BCL2L11)	0	.	110634616	112347165	255,111,0
chr2	111858481	111858530	1939	chr2	110634616	112347165	2q13_recurrent_region_(includes_BCL2L11)	0	.	110634616	112347165	255,111,0
chr2	112227867	112227900	1940	chr2	110634616	112347165	2q13_recurrent_region_(includes_BCL2L11)	0	.	110634616	112347165	255,111,0
chr2	130758978	130759000	2056	chr2	130719936	131172120	2q21.1_recurrent_region_(includes_ARHGEF4,GPR148)	0	.	130719936	131172120	255,111,0
chr2	130902483	130902731	2057	chr2	130719936	131172120	2q21.1_recurrent_region_(includes_ARHGEF4,GPR148)	0	.	130719936	131172120	255,111,0
chr2	131136138	131137200	2058	chr2	130719936	131172120	2q21.1_recurrent_region_(includes_ARHGEF4,GPR148)	0	.	130719936	131172120	255,111,0
chr2	131279843	131279869	2059	chr2	131172121	132364061	Distal_LCR2q21.1q21.2	0	.	131172121	132364061	0,0,0
chr2	131414541	131414587	2060	chr2	131172121	132364061	Distal_LCR2q21.1q21.2	0	.	131172121	132364061	0,0,0
chr2	131500579	131500581	2061	chr2	131172121	132364061	Distal_LCR2q21.1q21.2	0	.	131172121	132364061	0,0,0
chr2	131623262	131623296	2062	chr2	131172121	132364061	Distal_LCR2q21.1q21.2	0	.	131172121	132364061	0,0,0
chr2	131630090	131630092	2063	chr2	131172121	132364061	Distal_LCR2q21.1q21.2	0	.	131172121	132364061	0,0,0
chr2	131764160	131764183	2064	chr2	131172121	132364061	Distal_LCR2q21.1q21.2	0	.	131172121	132364061	0,0,0
chr2	131819673	131819696	2065	chr2	131172121	132364061	Distal_LCR2q21.1q21.2	0	.	131172121	132364061	0,0,0
chr2	131977827	131977844	2066	chr2	131172121	132364061	Distal_LCR2q21.1q21.2	0	.	131172121	132364061	0,0,0
chr2	132007840	132047211	2067	chr2	131172121	132364061	Distal_LCR2q21.1q21.2	0	.	131172121	132364061	0,0,0
chr2	132114529	132114578	2068	chr2	131172121	132364061	Distal_LCR2q21.1q21.2	0	.	131172121	132364061	0,0,0
chr2	132122448	132122476	2069	chr2	131172121	132364061	Distal_LCR2q21.1q21.2	0	.	131172121	132364061	0,0,0
chr2	132193320	132193360	2070	chr2	131172121	132364061	Distal_LCR2q21.1q21.2	0	.	131172121	132364061	0,0,0
chr3	196098915	196099621	3880	chr3	196029183	197617791	3q29_recurrent_region_(includes_DLG1)	0	.	196029183	197617791	255,111,0
chr3	196189549	196189573	3881	chr3	196029183	197617791	3q29_recurrent_region_(includes_DLG1)	0	.	196029183	197617791	255,111,0
chr3	196329046	196329976	3882	chr3	196029183	197617791	3q29_recurrent_region_(includes_DLG1)	0	.	196029183	197617791	255,111,0
chr3	196350594	196350596	3883	chr3	196029183	197617791	3q29_recurrent_region_(includes_DLG1)	0	.	196029183	197617791	255,111,0
chr3	196543266	196543345	3884	chr3	196029183	197617791	3q29_recurrent_region_(includes_DLG1)	0	.	196029183	197617791	255,111,0
chr3	197190349	197190372	3885	chr3	196029183	197617791	3q29_recurrent_region_(includes_DLG1)	0	.	196029183	197617791	255,111,0
chr3	197207700	197212377	3886	chr3	196029183	197617791	3q29_recurrent_region_(includes_DLG1)	0	.	196029183	197617791	255,111,0
chr3	197231928	197231930	3887	chr3	196029183	197617791	3q29_recurrent_region_(includes_DLG1)	0	.	196029183	197617791	255,111,0
chr3	197390834	197391144	3888	chr3	196029183	197617791	3q29_recurrent_region_(includes_DLG1)	0	.	196029183	197617791	255,111,0
chr5	176410745	176410776	6221	chr5	176301976	177620792	5q35_recurrent_region_(Sotos_syndrome)_(includes_NSD1)	0	.	176301976	177620792	255,111,0
chr5	176430385	176430590	6222	chr5	176301976	177620792	5q35_recurrent_region_(Sotos_syndrome)_(includes_NSD1)	0	.	176301976	177620792	255,111,0
chr5	176466812	176466814	6223	chr5	176301976	177620792	5q35_recurrent_region_(Sotos_syndrome)_(includes_NSD1)	0	.	176301976	177620792	255,111,0
chr5	176511665	176511684	6224	chr5	176301976	177620792	5q35_recurrent_region_(Sotos_syndrome)_(includes_NSD1)	0	.	176301976	177620792	255,111,0
chr5	176599119	176599144	6225	chr5	176301976	177620792	5q35_recurrent_region_(Sotos_syndrome)_(includes_NSD1)	0	.	176301976	177620792	255,111,0
chr5	177011076	177012580	6226	chr5	176301976	177620792	5q35_recurrent_region_(Sotos_syndrome)_(includes_NSD1)	0	.	176301976	177620792	255,111,0
chr5	177068041	177069273	6227	chr5	176301976	177620792	5q35_recurrent_region_(Sotos_syndrome)_(includes_NSD1)	0	.	176301976	177620792	255,111,0
chr5	177108223	177108672	6228	chr5	176301976	177620792	5q35_recurrent_region_(Sotos_syndrome)_(includes_NSD1)	0	.	176301976	177620792	255,111,0
chr5	177951369	177951654	6229	chr5	177620793	178105882	SOS-DREP	0	.	177620793	178105882	0,0,0
chr5	177971370	177971396	6230	chr5	177620793	178105882	SOS-DREP	0	.	177620793	178105882	0,0,0
chr7	73579218	73579220	7839	chr7	73330452	74728172	7q11.23_recurrent_(Williams-Beuren_syndrome)_region_(includes_ELN)	0	.	73330452	74728172	255,111,0
chr7	74399106	74399108	7840	chr7	73330452	74728172	7q11.23_recurrent_(Williams-Beuren_syndrome)_region_(includes_ELN)	0	.	73330452	74728172	255,111,0
chr7	74414112	74416932	7841	chr7	73330452	74728172	7q11.23_recurrent_(Williams-Beuren_syndrome)_region_(includes_ELN)	0	.	73330452	74728172	255,111,0
chr7	74567690	74569043	7842	chr7	73330452	74728172	7q11.23_recurrent_(Williams-Beuren_syndrome)_region_(includes_ELN)	0	.	73330452	74728172	255,111,0
chr7	75564298	75564319	7843	chr7	75528718	76433859	7q11.23_recurrent_distal_region_(includes_HIP1,_YWHAG)	0	.	75528718	76433859	255,111,0
chr7	75664126	75664170	7844	chr7	75528718	76433859	7q11.23_recurrent_distal_region_(includes_HIP1,_YWHAG)	0	.	75528718	76433859	255,111,0
chr7	75944014	75944036	7845	chr7	75528718	76433859	7q11.23_recurrent_distal_region_(includes_HIP1,_YWHAG)	0	.	75528718	76433859	255,111,0
chr7	76038691	76039343	7846	chr7	75528718	76433859	7q11.23_recurrent_distal_region_(includes_HIP1,_YWHAG)	0	.	75528718	76433859	255,111,0
chr7	76046320	76046346	7847	chr7	75528718	76433859	7q11.23_recurrent_distal_region_(includes_HIP1,_YWHAG)	0	.	75528718	76433859	255,111,0
chr7	76811553	76811591	7848	chr7	76433860	77179654	7q11.23__distal_region_distal_breakpoint	0	.	76433860	77179654	0,0,0
chr7	76863587	76863618	7849	chr7	76433860	77179654	7q11.23__distal_region_distal_breakpoint	0	.	76433860	77179654	0,0,0
chr7	76977855	76978128	7850	chr7	76433860	77179654	7q11.23__distal_region_distal_breakpoint	0	.	76433860	77179654	0,0,0
chr8	7134139	7137881	8393	chr8	6976263	8242541	REPD	0	.	6976263	8242541	0,0,0
chr8	7142366	7142383	8394	chr8	6976263	8242541	REPD	0	.	6976263	8242541	0,0,0
chr8	8387556	8387634	8395	chr8	8242542	11908820	8p23.1_recurrent_region_(includes_GATA4)	0	.	8242542	11908820	255,111,0
chr8	8520624	8520660	8396	chr8	8242542	11908820	8p23.1_recurrent_region_(includes_GATA4)	0	.	8242542	11908820	255,111,0
chr8	8528519	8529435	8397	chr8	8242542	11908820	8p23.1_recurrent_region_(includes_GATA4)	0	.	8242542	11908820	255,111,0
chr8	8557972	8559295	8398	chr8	8242542	11908820	8p23.1_recurrent_region_(includes_GATA4)	0	.	8242542	11908820	255,111,0
chr8	8568047	8568075	8399	chr8	8242542	11908820	8p23.1_recurrent_region_(includes_GATA4)	0	.	8242542	11908820	255,111,0
chr8	8637447	8637466	8400	chr8	8242542	11908820	8p23.1_recurrent_region_(includes_GATA4)	0	.	8242542	11908820	255,111,0
chr8	8792240	8792242	8401	chr8	8242542	11908820	8p23.1_recurrent_region_(includes_GATA4)	0	.	8242542	11908820	255,111,0
chr8	9235802	9235804	8402	chr8	8242542	11908820	8p23.1_recurrent_region_(includes_GATA4)	0	.	8242542	11908820	255,111,0
chr8	9640312	9643447	8403	chr8	8242542	11908820	8p23.1_recurrent_region_(includes_GATA4)	0	.	8242542	11908820	255,111,0
chr8	9771365	9771458	8404	chr8	8242542	11908820	8p23.1_recurrent_region_(includes_GATA4)	0	.	8242542	11908820	255,111,0
chr8	9797912	9797954	8405	chr8	8242542	11908820	8p23.1_recurrent_region_(includes_GATA4)	0	.	8242542	11908820	255,111,0
chr8	9914602	9914631	8406	chr8	8242542	11908820	8p23.1_recurrent_region_(includes_GATA4)	0	.	8242542	11908820	255,111,0
chr8	10358551	10358881	8407	chr8	8242542	11908820	8p23.1_recurrent_region_(includes_GATA4)	0	.	8242542	11908820	255,111,0
chr8	11178597	11178714	8408	chr8	8242542	11908820	8p23.1_recurrent_region_(includes_GATA4)	0	.	8242542	11908820	255,111,0
chr8	11218818	11218926	8409	chr8	8242542	11908820	8p23.1_recurrent_region_(includes_GATA4)	0	.	8242542	11908820	255,111,0
chr8	11388048	11389699	8410	chr8	8242542	11908820	8p23.1_recurrent_region_(includes_GATA4)	0	.	8242542	11908820	255,111,0
chr8	11406459	11406512	8411	chr8	8242542	11908820	8p23.1_recurrent_region_(includes_GATA4)	0	.	8242542	11908820	255,111,0
chr8	11425781	11425802	8412	chr8	8242542	11908820	8p23.1_recurrent_region_(includes_GATA4)	0	.	8242542	11908820	255,111,0
chr8	11462577	11462579	8413	chr8	8242542	11908820	8p23.1_recurrent_region_(includes_GATA4)	0	.	8242542	11908820	255,111,0
chr8	11854592	11854594	8414	chr8	8242542	11908820	8p23.1_recurrent_region_(includes_GATA4)	0	.	8242542	11908820	255,111,0
chr10	46016279	46016301	10205	chr10	45671834	48181659	LCR10q11.2A/B/C	0	.	45671834	48181659	0,0,0
chr10	46294851	46294873	10206	chr10	45671834	48181659	LCR10q11.2A/B/C	0	.	45671834	48181659	0,0,0
chr10	46885813	46885840	10207	chr10	45671834	48181659	LCR10q11.2A/B/C	0	.	45671834	48181659	0,0,0
chr10	47014157	47014181	10208	chr10	45671834	48181659	LCR10q11.2A/B/C	0	.	45671834	48181659	0,0,0
chr10	47937813	47937815	10209	chr10	45671834	48181659	LCR10q11.2A/B/C	0	.	45671834	48181659	0,0,0
chr10	48413814	48413834	10210	chr10	48181660	49845537	10q11.2_recurrent_region_(LCR-C_to_-D)	0	.	48181660	49845537	255,111,0
chr10	48474611	48474613	10211	chr10	48181660	49845537	10q11.2_recurrent_region_(LCR-C_to_-D)	0	.	48181660	49845537	255,111,0
chr10	48657437	48657486	10212	chr10	48181660	49845537	10q11.2_recurrent_region_(LCR-C_to_-D)	0	.	48181660	49845537	255,111,0
chr10	48923505	48923507	10213	chr10	48181660	49845537	10q11.2_recurrent_region_(LCR-C_to_-D)	0	.	48181660	49845537	255,111,0
chr10	48989922	48999135	10214	chr10	48181660	49845537	10q11.2_recurrent_region_(LCR-C_to_-D)	0	.	48181660	49845537	255,111,0
chr10	49127172	49127233	10215	chr10	48181660	49845537	10q11.2_recurrent_region_(LCR-C_to_-D)	0	.	48181660	49845537	255,111,0
chr10	49795306	49803029	10216	chr10	48181660	49845537	10q11.2_recurrent_region_(LCR-C_to_-D)	0	.	48181660	49845537	255,111,0
chr10	49909822	49909845	10217	chr10	49845538	50200897	LCR10q11.2D/E	0	.	49845538	50200897	0,0,0
chr10	50081568	50081592	10218	chr10	49845538	50200897	LCR10q11.2D/E	0	.	49845538	50200897	0,0,0
chr10	79636205	79636225	10392	chr10	79630803	79923086	LCR-3	0	.	79630803	79923086	0,0,0
chr10	79838414	79838452	10393	chr10	79630803	79923086	LCR-3	0	.	79630803	79923086	0,0,0
chr10	79899698	79899700	10394	chr10	79630803	79923086	LCR-3	0	.	79630803	79923086	0,0,0
chr10	79936079	79936236	10395	chr10	79923087	86979631	10q22.3q23.2_recurrent_region_(LCR-3/4-flanked)_(includes_BMPR1A)	0	.	79923087	86979631	255,111,0
chr10	79965528	79967670	10396	chr10	79923087	86979631	10q22.3q23.2_recurrent_region_(LCR-3/4-flanked)_(includes_BMPR1A)	0	.	79923087	86979631	255,111,0
chr10	80055237	80055239	10397	chr10	79923087	86979631	10q22.3q23.2_recurrent_region_(LCR-3/4-flanked)_(includes_BMPR1A)	0	.	79923087	86979631	255,111,0
chr10	80168178	80168221	10398	chr10	79923087	86979631	10q22.3q23.2_recurrent_region_(LCR-3/4-flanked)_(includes_BMPR1A)	0	.	79923087	86979631	255,111,0
chr10	80810257	80810286	10399	chr10	79923087	86979631	10q22.3q23.2_recurrent_region_(LCR-3/4-flanked)_(includes_BMPR1A)	0	.	79923087	86979631	255,111,0
chr10	80990539	80992894	10400	chr10	79923087	86979631	10q22.3q23.2_recurrent_region_(LCR-3/4-flanked)_(includes_BMPR1A)	0	.	79923087	86979631	255,111,0
chr10	81049516	81049535	10401	chr10	79923087	86979631	10q22.3q23.2_recurrent_region_(LCR-3/4-flanked)_(includes_BMPR1A)	0	.	79923087	86979631	255,111,0
chr10	81144900	81145155	10402	chr10	79923087	86979631	10q22.3q23.2_recurrent_region_(LCR-3/4-flanked)_(includes_BMPR1A)	0	.	79923087	86979631	255,111,0
chr10	81535419	81535421	10403	chr10	79923087	86979631	10q22.3q23.2_recurrent_region_(LCR-3/4-flanked)_(includes_BMPR1A)	0	.	79923087	86979631	255,111,0
chr10	81559728	81559730	10404	chr10	79923087	86979631	10q22.3q23.2_recurrent_region_(LCR-3/4-flanked)_(includes_BMPR1A)	0	.	79923087	86979631	255,111,0
chr10	81775205	81775233	10405	chr10	79923087	86979631	10q22.3q23.2_recurrent_region_(LCR-3/4-flanked)_(includes_BMPR1A)	0	.	79923087	86979631	255,111,0
chr10	82368057	82370609	10406	chr10	79923087	86979631	10q22.3q23.2_recurrent_region_(LCR-3/4-flanked)_(includes_BMPR1A)	0	.	79923087	86979631	255,111,0
chr10	82521871	82521891	10407	chr10	79923087	86979631	10q22.3q23.2_recurrent_region_(LCR-3/4-flanked)_(includes_BMPR1A)	0	.	79923087	86979631	255,111,0
chr10	82540084	82540131	10408	chr10	79923087	86979631	10q22.3q23.2_recurrent_region_(LCR-3/4-flanked)_(includes_BMPR1A)	0	.	79923087	86979631	255,111,0
chr10	82607338	82607413	10409	chr10	79923087	86979631	10q22.3q23.2_recurrent_region_(LCR-3/4-flanked)_(includes_BMPR1A)	0	.	79923087	86979631	255,111,0
chr10	82714138	82714140	10410	chr10	79923087	86979631	10q22.3q23.2_recurrent_region_(LCR-3/4-flanked)_(includes_BMPR1A)	0	.	79923087	86979631	255,111,0
chr10	83169271	83169292	10411	chr10	79923087	86979631	10q22.3q23.2_recurrent_region_(LCR-3/4-flanked)_(includes_BMPR1A)	0	.	79923087	86979631	255,111,0
chr10	83201544	83201562	10412	chr10	79923087	86979631	10q22.3q23.2_recurrent_region_(LCR-3/4-flanked)_(includes_BMPR1A)	0	.	79923087	86979631	255,111,0
chr10	83352113	83352130	10413	chr10	79923087	86979631	10q22.3q23.2_recurrent_region_(LCR-3/4-flanked)_(includes_BMPR1A)	0	.	79923087	86979631	255,111,0
chr10	83762958	83764150	10414	chr10	79923087	86979631	10q22.3q23.2_recurrent_region_(LCR-3/4-flanked)_(includes_BMPR1A)	0	.	79923087	86979631	255,111,0
chr10	83875280	83882622	10415	chr10	79923087	86979631	10q22.3q23.2_recurrent_region_(LCR-3/4-flanked)_(includes_BMPR1A)	0	.	79923087	86979631	255,111,0
chr10	83896360	83896391	10416	chr10	79923087	86979631	10q22.3q23.2_recurrent_region_(LCR-3/4-flanked)_(includes_BMPR1A)	0	.	79923087	86979631	255,111,0
chr10	84023682	84023993	10417	chr10	79923087	86979631	10q22.3q23.2_recurrent_region_(LCR-3/4-flanked)_(includes_BMPR1A)	0	.	79923087	86979631	255,111,0
chr10	84058186	84058188	10418	chr10	79923087	86979631	10q22.3q23.2_recurrent_region_(LCR-3/4-flanked)_(includes_BMPR1A)	0	.	79923087	86979631	255,111,0
chr10	84235593	84235611	10419	chr10	79923087	86979631	10q22.3q23.2_recurrent_region_(LCR-3/4-flanked)_(includes_BMPR1A)	0	.	79923087	86979631	255,111,0
chr10	84266712	84266714	10420	chr10	79923087	86979631	10q22.3q23.2_recurrent_region_(LCR-3/4-flanked)_(includes_BMPR1A)	0	.	79923087	86979631	255,111,0
chr10	84950642	84950660	10421	chr10	79923087	86979631	10q22.3q23.2_recurrent_region_(LCR-3/4-flanked)_(includes_BMPR1A)	0	.	79923087	86979631	255,111,0
chr10	85019892	85019918	10422	chr10	79923087	86979631	10q22.3q23.2_recurrent_region_(LCR-3/4-flanked)_(includes_BMPR1A)	0	.	79923087	86979631	255,111,0
chr10	85055680	85055707	10423	chr10	79923087	86979631	10q22.3q23.2_recurrent_region_(LCR-3/4-flanked)_(includes_BMPR1A)	0	.	79923087	86979631	255,111,0
chr10	85262128	85262755	10424	chr10	79923087	86979631	10q22.3q23.2_recurrent_region_(LCR-3/4-flanked)_(includes_BMPR1A)	0	.	79923087	86979631	255,111,0
chr10	85555591	85555630	10425	chr10	79923087	86979631	10q22.3q23.2_recurrent_region_(LCR-3/4-flanked)_(includes_BMPR1A)	0	.	79923087	86979631	255,111,0
chr10	85806579	85806608	10426	chr10	79923087	86979631	10q22.3q23.2_recurrent_region_(LCR-3/4-flanked)_(includes_BMPR1A)	0	.	79923087	86979631	255,111,0
chr10	86130199	86130201	10427	chr10	79923087	86979631	10q22.3q23.2_recurrent_region_(LCR-3/4-flanked)_(includes_BMPR1A)	0	.	79923087	86979631	255,111,0
chr10	86481408	86481425	10428	chr10	79923087	86979631	10q22.3q23.2_recurrent_region_(LCR-3/4-flanked)_(includes_BMPR1A)	0	.	79923087	86979631	255,111,0
chr10	86805899	86805980	10429	chr10	79923087	86979631	10q22.3q23.2_recurrent_region_(LCR-3/4-flanked)_(includes_BMPR1A)	0	.	79923087	86979631	255,111,0
chr10	87033536	87033538	10430	chr10	86979632	87500606	LCR-4	0	.	86979632	87500606	0,0,0
chr10	87164211	87164238	10431	chr10	86979632	87500606	LCR-4	0	.	86979632	87500606	0,0,0
chr11	67918176	67918210	11157	chr11	67706564	67996174	Proximal_11q-REP	0	.	67706564	67996174	0,0,0
chr11	68030558	68030582	11158	chr11	67996175	71525885	11q13.2q13.4_recurrent_region_(includes_SHANK2,_FGFs)	0	.	67996175	71525885	255,111,0
chr11	68329620	68329639	11159	chr11	67996175	71525885	11q13.2q13.4_recurrent_region_(includes_SHANK2,_FGFs)	0	.	67996175	71525885	255,111,0
chr11	68801675	68801677	11160	chr11	67996175	71525885	11q13.2q13.4_recurrent_region_(includes_SHANK2,_FGFs)	0	.	67996175	71525885	255,111,0
chr11	68998241	68998243	11161	chr11	67996175	71525885	11q13.2q13.4_recurrent_region_(includes_SHANK2,_FGFs)	0	.	67996175	71525885	255,111,0
chr11	69030153	69030255	11162	chr11	67996175	71525885	11q13.2q13.4_recurrent_region_(includes_SHANK2,_FGFs)	0	.	67996175	71525885	255,111,0
chr11	69090193	69090229	11163	chr11	67996175	71525885	11q13.2q13.4_recurrent_region_(includes_SHANK2,_FGFs)	0	.	67996175	71525885	255,111,0
chr11	69586071	69586635	11164	chr11	67996175	71525885	11q13.2q13.4_recurrent_region_(includes_SHANK2,_FGFs)	0	.	67996175	71525885	255,111,0
chr11	70136445	70138382	11165	chr11	67996175	71525885	11q13.2q13.4_recurrent_region_(includes_SHANK2,_FGFs)	0	.	67996175	71525885	255,111,0
chr11	70535978	70536006	11166	chr11	67996175	71525885	11q13.2q13.4_recurrent_region_(includes_SHANK2,_FGFs)	0	.	67996175	71525885	255,111,0
chr11	70866736	70867196	11167	chr11	67996175	71525885	11q13.2q13.4_recurrent_region_(includes_SHANK2,_FGFs)	0	.	67996175	71525885	255,111,0
chr11	70935742	70935744	11168	chr11	67996175	71525885	11q13.2q13.4_recurrent_region_(includes_SHANK2,_FGFs)	0	.	67996175	71525885	255,111,0
chr11	71177124	71177126	11169	chr11	67996175	71525885	11q13.2q13.4_recurrent_region_(includes_SHANK2,_FGFs)	0	.	67996175	71525885	255,111,0
chr11	71293155	71293242	11170	chr11	67996175	71525885	11q13.2q13.4_recurrent_region_(includes_SHANK2,_FGFs)	0	.	67996175	71525885	255,111,0
chr11	71296866	71296868	11171	chr11	67996175	71525885	11q13.2q13.4_recurrent_region_(includes_SHANK2,_FGFs)	0	.	67996175	71525885	255,111,0
chr11	71535813	71535815	11172	chr11	71525886	71913396	Distal_11q-REP	0	.	71525886	71913396	0,0,0
chr11	71765874	71770725	11173	chr11	71525886	71913396	Distal_11q-REP	0	.	71525886	71913396	0,0,0
chr13	23034357	23034392	12393	chr13	22970443	24307222	13q12.12_recurrent_region_(includes_SACS_and_SGCG)	0	.	22970443	24307222	255,111,0
chr13	23038290	23038313	12394	chr13	22970443	24307222	13q12.12_recurrent_region_(includes_SACS_and_SGCG)	0	.	22970443	24307222	255,111,0
chr13	23050297	23050422	12395	chr13	22970443	24307222	13q12.12_recurrent_region_(includes_SACS_and_SGCG)	0	.	22970443	24307222	255,111,0
chr13	23058269	23063164	12396	chr13	22970443	24307222	13q12.12_recurrent_region_(includes_SACS_and_SGCG)	0	.	22970443	24307222	255,111,0
chr13	23071583	23071585	12397	chr13	22970443	24307222	13q12.12_recurrent_region_(includes_SACS_and_SGCG)	0	.	22970443	24307222	255,111,0
chr13	23212391	23212393	12398	chr13	22970443	24307222	13q12.12_recurrent_region_(includes_SACS_and_SGCG)	0	.	22970443	24307222	255,111,0
chr13	23304978	23305004	12399	chr13	22970443	24307222	13q12.12_recurrent_region_(includes_SACS_and_SGCG)	0	.	22970443	24307222	255,111,0
chr13	23353028	23353030	12400	chr13	22970443	24307222	13q12.12_recurrent_region_(includes_SACS_and_SGCG)	0	.	22970443	24307222	255,111,0
chr13	23495213	23495522	12401	chr13	22970443	24307222	13q12.12_recurrent_region_(includes_SACS_and_SGCG)	0	.	22970443	24307222	255,111,0
chr13	23638158	23638160	12402	chr13	22970443	24307222	13q12.12_recurrent_region_(includes_SACS_and_SGCG)	0	.	22970443	24307222	255,111,0
chr13	23907440	23907465	12403	chr13	22970443	24307222	13q12.12_recurrent_region_(includes_SACS_and_SGCG)	0	.	22970443	24307222	255,111,0
chr13	23987076	23987078	12404	chr13	22970443	24307222	13q12.12_recurrent_region_(includes_SACS_and_SGCG)	0	.	22970443	24307222	255,111,0
chr13	24190254	24190352	12405	chr13	22970443	24307222	13q12.12_recurrent_region_(includes_SACS_and_SGCG)	0	.	22970443	24307222	255,111,0
chr13	24465452	24465454	12406	chr13	24307223	24604488	13q12.12_distal_breakpoint	0	.	24307223	24604488	0,0,0
chr13	24500526	24500528	12407	chr13	24307223	24604488	13q12.12_distal_breakpoint	0	.	24307223	24604488	0,0,0
chr13	24533893	24533895	12408	chr13	24307223	24604488	13q12.12_distal_breakpoint	0	.	24307223	24604488	0,0,0
chr15	22251771	22251793	13514	chr15	21828502	22782169	BP1	0	.	21828502	22782169	0,0,0
chr15	22689987	22690022	13515	chr15	21828502	22782169	BP1	0	.	21828502	22782169	0,0,0
chr15	22690502	22690525	13516	chr15	21828502	22782169	BP1	0	.	21828502	22782169	0,0,0
chr15	22707926	22707945	13517	chr15	21828502	22782169	BP1	0	.	21828502	22782169	0,0,0
chr15	22806531	22806667	13518	chr15	22782170	23040134	15q11.2_recurrent_region_(BP1-BP2)_(includes_NIPA1)	0	.	22782170	23040134	255,111,0
chr15	22806531	22806667	13518	chr15	22782170	28134728	15q11q13_recurrent_(PWS/AS)_region_(BP1-BP3,_Class_1)	0	.	22782170	28134728	255,111,0
chr15	22976573	22976575	13519	chr15	22782170	23040134	15q11.2_recurrent_region_(BP1-BP2)_(includes_NIPA1)	0	.	22782170	23040134	255,111,0
chr15	22976573	22976575	13519	chr15	22782170	28134728	15q11q13_recurrent_(PWS/AS)_region_(BP1-BP3,_Class_1)	0	.	22782170	28134728	255,111,0
chr15	23464846	23464895	13520	chr15	23040135	23465364	BP2	0	.	23040135	23465364	0,0,0
chr15	23464846	23464895	13520	chr15	22782170	28134728	15q11q13_recurrent_(PWS/AS)_region_(BP1-BP3,_Class_1)	0	.	22782170	28134728	255,111,0
chr15	23710140	23710142	13521	chr15	23465365	28134728	15q11q13_recurrent_(PWS/AS)_region_(BP2-BP3,_Class_2)	0	.	23465365	28134728	255,111,0
chr15	23710140	23710142	13521	chr15	22782170	28134728	15q11q13_recurrent_(PWS/AS)_region_(BP1-BP3,_Class_1)	0	.	22782170	28134728	255,111,0
chr15	23724096	23728040	13522	chr15	23465365	28134728	15q11q13_recurrent_(PWS/AS)_region_(BP2-BP3,_Class_2)	0	.	23465365	28134728	255,111,0
chr15	23724096	23728040	13522	chr15	22782170	28134728	15q11q13_recurrent_(PWS/AS)_region_(BP1-BP3,_Class_1)	0	.	22782170	28134728	255,111,0
chr15	23825599	23825622	13523	chr15	23465365	28134728	15q11q13_recurrent_(PWS/AS)_region_(BP2-BP3,_Class_2)	0	.	23465365	28134728	255,111,0
chr15	23825599	23825622	13523	chr15	22782170	28134728	15q11q13_recurrent_(PWS/AS)_region_(BP1-BP3,_Class_1)	0	.	22782170	28134728	255,111,0
chr15	23862575	23862730	13524	chr15	23465365	28134728	15q11q13_recurrent_(PWS/AS)_region_(BP2-BP3,_Class_2)	0	.	23465365	28134728	255,111,0
chr15	23862575	23862730	13524	chr15	22782170	28134728	15q11q13_recurrent_(PWS/AS)_region_(BP1-BP3,_Class_1)	0	.	22782170	28134728	255,111,0
chr15	23920392	23920418	13525	chr15	23465365	28134728	15q11q13_recurrent_(PWS/AS)_region_(BP2-BP3,_Class_2)	0	.	23465365	28134728	255,111,0
chr15	23920392	23920418	13525	chr15	22782170	28134728	15q11q13_recurrent_(PWS/AS)_region_(BP1-BP3,_Class_1)	0	.	22782170	28134728	255,111,0
chr15	23940714	23940716	13526	chr15	23465365	28134728	15q11q13_recurrent_(PWS/AS)_region_(BP2-BP3,_Class_2)	0	.	23465365	28134728	255,111,0
chr15	23940714	23940716	13526	chr15	22782170	28134728	15q11q13_recurrent_(PWS/AS)_region_(BP1-BP3,_Class_1)	0	.	22782170	28134728	255,111,0
chr15	23961909	23962220	13527	chr15	23465365	28134728	15q11q13_recurrent_(PWS/AS)_region_(BP2-BP3,_Class_2)	0	.	23465365	28134728	255,111,0
chr15	23961909	23962220	13527	chr15	22782170	28134728	15q11q13_recurrent_(PWS/AS)_region_(BP1-BP3,_Class_1)	0	.	22782170	28134728	255,111,0
chr15	24315236	24315238	13528	chr15	23465365	28134728	15q11q13_recurrent_(PWS/AS)_region_(BP2-BP3,_Class_2)	0	.	23465365	28134728	255,111,0
chr15	24315236	24315238	13528	chr15	22782170	28134728	15q11q13_recurrent_(PWS/AS)_region_(BP1-BP3,_Class_1)	0	.	22782170	28134728	255,111,0
chr15	24333579	24333606	13529	chr15	23465365	28134728	15q11q13_recurrent_(PWS/AS)_region_(BP2-BP3,_Class_2)	0	.	23465365	28134728	255,111,0
chr15	24333579	24333606	13529	chr15	22782170	28134728	15q11q13_recurrent_(PWS/AS)_region_(BP1-BP3,_Class_1)	0	.	22782170	28134728	255,111,0
chr15	24414853	24414855	13530	chr15	23465365	28134728	15q11q13_recurrent_(PWS/AS)_region_(BP2-BP3,_Class_2)	0	.	23465365	28134728	255,111,0
chr15	24414853	24414855	13530	chr15	22782170	28134728	15q11q13_recurrent_(PWS/AS)_region_(BP1-BP3,_Class_1)	0	.	22782170	28134728	255,111,0
chr15	24594169	24594493	13531	chr15	23465365	28134728	15q11q13_recurrent_(PWS/AS)_region_(BP2-BP3,_Class_2)	0	.	23465365	28134728	255,111,0
chr15	24594169	24594493	13531	chr15	22782170	28134728	15q11q13_recurrent_(PWS/AS)_region_(BP1-BP3,_Class_1)	0	.	22782170	28134728	255,111,0
chr15	24680711	24680713	13532	chr15	23465365	28134728	15q11q13_recurrent_(PWS/AS)_region_(BP2-BP3,_Class_2)	0	.	23465365	28134728	255,111,0
chr15	24680711	24680713	13532	chr15	22782170	28134728	15q11q13_recurrent_(PWS/AS)_region_(BP1-BP3,_Class_1)	0	.	22782170	28134728	255,111,0
chr15	24792709	24794136	13533	chr15	23465365	28134728	15q11q13_recurrent_(PWS/AS)_region_(BP2-BP3,_Class_2)	0	.	23465365	28134728	255,111,0
chr15	24792709	24794136	13533	chr15	22782170	28134728	15q11q13_recurrent_(PWS/AS)_region_(BP1-BP3,_Class_1)	0	.	22782170	28134728	255,111,0
chr15	24861893	24864272	13534	chr15	23465365	28134728	15q11q13_recurrent_(PWS/AS)_region_(BP2-BP3,_Class_2)	0	.	23465365	28134728	255,111,0
chr15	24861893	24864272	13534	chr15	22782170	28134728	15q11q13_recurrent_(PWS/AS)_region_(BP1-BP3,_Class_1)	0	.	22782170	28134728	255,111,0
chr15	24871812	24873502	13535	chr15	23465365	28134728	15q11q13_recurrent_(PWS/AS)_region_(BP2-BP3,_Class_2)	0	.	23465365	28134728	255,111,0
chr15	24871812	24873502	13535	chr15	22782170	28134728	15q11q13_recurrent_(PWS/AS)_region_(BP1-BP3,_Class_1)	0	.	22782170	28134728	255,111,0
chr15	25087950	25089084	13536	chr15	23465365	28134728	15q11q13_recurrent_(PWS/AS)_region_(BP2-BP3,_Class_2)	0	.	23465365	28134728	255,111,0
chr15	25087950	25089084	13536	chr15	22782170	28134728	15q11q13_recurrent_(PWS/AS)_region_(BP1-BP3,_Class_1)	0	.	22782170	28134728	255,111,0
chr15	25213313	25213456	13537	chr15	23465365	28134728	15q11q13_recurrent_(PWS/AS)_region_(BP2-BP3,_Class_2)	0	.	23465365	28134728	255,111,0
chr15	25213313	25213456	13537	chr15	22782170	28134728	15q11q13_recurrent_(PWS/AS)_region_(BP1-BP3,_Class_1)	0	.	22782170	28134728	255,111,0
chr15	25214691	25214900	13538	chr15	23465365	28134728	15q11q13_recurrent_(PWS/AS)_region_(BP2-BP3,_Class_2)	0	.	23465365	28134728	255,111,0
chr15	25214691	25214900	13538	chr15	22782170	28134728	15q11q13_recurrent_(PWS/AS)_region_(BP1-BP3,_Class_1)	0	.	22782170	28134728	255,111,0
chr15	25219384	25221532	13539	chr15	23465365	28134728	15q11q13_recurrent_(PWS/AS)_region_(BP2-BP3,_Class_2)	0	.	23465365	28134728	255,111,0
chr15	25219384	25221532	13539	chr15	22782170	28134728	15q11q13_recurrent_(PWS/AS)_region_(BP1-BP3,_Class_1)	0	.	22782170	28134728	255,111,0
chr15	25290424	25290426	13540	chr15	23465365	28134728	15q11q13_recurrent_(PWS/AS)_region_(BP2-BP3,_Class_2)	0	.	23465365	28134728	255,111,0
chr15	25290424	25290426	13540	chr15	22782170	28134728	15q11q13_recurrent_(PWS/AS)_region_(BP1-BP3,_Class_1)	0	.	22782170	28134728	255,111,0
chr15	25585106	25585123	13541	chr15	23465365	28134728	15q11q13_recurrent_(PWS/AS)_region_(BP2-BP3,_Class_2)	0	.	23465365	28134728	255,111,0
chr15	25585106	25585123	13541	chr15	22782170	28134728	15q11q13_recurrent_(PWS/AS)_region_(BP1-BP3,_Class_1)	0	.	22782170	28134728	255,111,0
chr15	25609737	25609739	13542	chr15	23465365	28134728	15q11q13_recurrent_(PWS/AS)_region_(BP2-BP3,_Class_2)	0	.	23465365	28134728	255,111,0
chr15	25609737	25609739	13542	chr15	22782170	28134728	15q11q13_recurrent_(PWS/AS)_region_(BP1-BP3,_Class_1)	0	.	22782170	28134728	255,111,0
chr15	25757907	25758793	13543	chr15	23465365	28134728	15q11q13_recurrent_(PWS/AS)_region_(BP2-BP3,_Class_2)	0	.	23465365	28134728	255,111,0
chr15	25757907	25758793	13543	chr15	22782170	28134728	15q11q13_recurrent_(PWS/AS)_region_(BP1-BP3,_Class_1)	0	.	22782170	28134728	255,111,0
chr15	25966893	25967008	13544	chr15	23465365	28134728	15q11q13_recurrent_(PWS/AS)_region_(BP2-BP3,_Class_2)	0	.	23465365	28134728	255,111,0
chr15	25966893	25967008	13544	chr15	22782170	28134728	15q11q13_recurrent_(PWS/AS)_region_(BP1-BP3,_Class_1)	0	.	22782170	28134728	255,111,0
chr15	26251808	26251840	13545	chr15	23465365	28134728	15q11q13_recurrent_(PWS/AS)_region_(BP2-BP3,_Class_2)	0	.	23465365	28134728	255,111,0
chr15	26251808	26251840	13545	chr15	22782170	28134728	15q11q13_recurrent_(PWS/AS)_region_(BP1-BP3,_Class_1)	0	.	22782170	28134728	255,111,0
chr15	26340890	26340916	13546	chr15	23465365	28134728	15q11q13_recurrent_(PWS/AS)_region_(BP2-BP3,_Class_2)	0	.	23465365	28134728	255,111,0
chr15	26340890	26340916	13546	chr15	22782170	28134728	15q11q13_recurrent_(PWS/AS)_region_(BP1-BP3,_Class_1)	0	.	22782170	28134728	255,111,0
chr15	26395297	26395327	13547	chr15	23465365	28134728	15q11q13_recurrent_(PWS/AS)_region_(BP2-BP3,_Class_2)	0	.	23465365	28134728	255,111,0
chr15	26395297	26395327	13547	chr15	22782170	28134728	15q11q13_recurrent_(PWS/AS)_region_(BP1-BP3,_Class_1)	0	.	22782170	28134728	255,111,0
chr15	26398825	26398827	13548	chr15	23465365	28134728	15q11q13_recurrent_(PWS/AS)_region_(BP2-BP3,_Class_2)	0	.	23465365	28134728	255,111,0
chr15	26398825	26398827	13548	chr15	22782170	28134728	15q11q13_recurrent_(PWS/AS)_region_(BP1-BP3,_Class_1)	0	.	22782170	28134728	255,111,0
chr15	26504024	26507266	13549	chr15	23465365	28134728	15q11q13_recurrent_(PWS/AS)_region_(BP2-BP3,_Class_2)	0	.	23465365	28134728	255,111,0
chr15	26504024	26507266	13549	chr15	22782170	28134728	15q11q13_recurrent_(PWS/AS)_region_(BP1-BP3,_Class_1)	0	.	22782170	28134728	255,111,0
chr15	26680489	26680491	13550	chr15	23465365	28134728	15q11q13_recurrent_(PWS/AS)_region_(BP2-BP3,_Class_2)	0	.	23465365	28134728	255,111,0
chr15	26680489	26680491	13550	chr15	22782170	28134728	15q11q13_recurrent_(PWS/AS)_region_(BP1-BP3,_Class_1)	0	.	22782170	28134728	255,111,0
chr15	26929038	26929058	13551	chr15	23465365	28134728	15q11q13_recurrent_(PWS/AS)_region_(BP2-BP3,_Class_2)	0	.	23465365	28134728	255,111,0
chr15	26929038	26929058	13551	chr15	22782170	28134728	15q11q13_recurrent_(PWS/AS)_region_(BP1-BP3,_Class_1)	0	.	22782170	28134728	255,111,0
chr15	27201563	27201585	13552	chr15	23465365	28134728	15q11q13_recurrent_(PWS/AS)_region_(BP2-BP3,_Class_2)	0	.	23465365	28134728	255,111,0
chr15	27201563	27201585	13552	chr15	22782170	28134728	15q11q13_recurrent_(PWS/AS)_region_(BP1-BP3,_Class_1)	0	.	22782170	28134728	255,111,0
chr15	27245675	27245677	13553	chr15	23465365	28134728	15q11q13_recurrent_(PWS/AS)_region_(BP2-BP3,_Class_2)	0	.	23465365	28134728	255,111,0
chr15	27245675	27245677	13553	chr15	22782170	28134728	15q11q13_recurrent_(PWS/AS)_region_(BP1-BP3,_Class_1)	0	.	22782170	28134728	255,111,0
chr15	27328250	27328272	13554	chr15	23465365	28134728	15q11q13_recurrent_(PWS/AS)_region_(BP2-BP3,_Class_2)	0	.	23465365	28134728	255,111,0
chr15	27328250	27328272	13554	chr15	22782170	28134728	15q11q13_recurrent_(PWS/AS)_region_(BP1-BP3,_Class_1)	0	.	22782170	28134728	255,111,0
chr15	27568302	27568321	13555	chr15	23465365	28134728	15q11q13_recurrent_(PWS/AS)_region_(BP2-BP3,_Class_2)	0	.	23465365	28134728	255,111,0
chr15	27568302	27568321	13555	chr15	22782170	28134728	15q11q13_recurrent_(PWS/AS)_region_(BP1-BP3,_Class_1)	0	.	22782170	28134728	255,111,0
chr15	27733458	27733479	13556	chr15	23465365	28134728	15q11q13_recurrent_(PWS/AS)_region_(BP2-BP3,_Class_2)	0	.	23465365	28134728	255,111,0
chr15	27733458	27733479	13556	chr15	22782170	28134728	15q11q13_recurrent_(PWS/AS)_region_(BP1-BP3,_Class_1)	0	.	22782170	28134728	255,111,0
chr15	27769861	27769901	13557	chr15	23465365	28134728	15q11q13_recurrent_(PWS/AS)_region_(BP2-BP3,_Class_2)	0	.	23465365	28134728	255,111,0
chr15	27769861	27769901	13557	chr15	22782170	28134728	15q11q13_recurrent_(PWS/AS)_region_(BP1-BP3,_Class_1)	0	.	22782170	28134728	255,111,0
chr15	27790073	27790140	13558	chr15	23465365	28134728	15q11q13_recurrent_(PWS/AS)_region_(BP2-BP3,_Class_2)	0	.	23465365	28134728	255,111,0
chr15	27790073	27790140	13558	chr15	22782170	28134728	15q11q13_recurrent_(PWS/AS)_region_(BP1-BP3,_Class_1)	0	.	22782170	28134728	255,111,0
chr15	28096861	28096884	13559	chr15	23465365	28134728	15q11q13_recurrent_(PWS/AS)_region_(BP2-BP3,_Class_2)	0	.	23465365	28134728	255,111,0
chr15	28096861	28096884	13559	chr15	22782170	28134728	15q11q13_recurrent_(PWS/AS)_region_(BP1-BP3,_Class_1)	0	.	22782170	28134728	255,111,0
chr15	28880745	28880747	13560	chr15	28134729	28916885	BP3	0	.	28134729	28916885	0,0,0
chr15	29119270	29119694	13561	chr15	28916886	30076787	15q13_recurrent_region_(BP3-BP4)_(includes_APBA2)	0	.	28916886	30076787	255,111,0
chr15	29930609	29930644	13562	chr15	28916886	30076787	15q13_recurrent_region_(BP3-BP4)_(includes_APBA2)	0	.	28916886	30076787	255,111,0
chr15	29993470	29993472	13563	chr15	28916886	30076787	15q13_recurrent_region_(BP3-BP4)_(includes_APBA2)	0	.	28916886	30076787	255,111,0
chr15	30761800	30761818	13564	chr15	30076788	30900685	BP4	0	.	30076788	30900685	0,0,0
chr15	31116761	31116787	13565	chr15	30900686	32153204	15q13.3_recurrent_region_(BP4-BP5)_(includes_CHRNA7)	0	.	30900686	32153204	255,111,0
chr15	31344717	31344738	13566	chr15	30900686	32153204	15q13.3_recurrent_region_(BP4-BP5)_(includes_CHRNA7)	0	.	30900686	32153204	255,111,0
chr15	31429205	31429207	13567	chr15	30900686	32153204	15q13.3_recurrent_region_(BP4-BP5)_(includes_CHRNA7)	0	.	30900686	32153204	255,111,0
chr15	31636639	31636657	13568	chr15	31617789	31727417	D_CHRNA7_LCR	0	.	31617789	31727417	0,0,0
chr15	31636639	31636657	13568	chr15	30900686	32153204	15q13.3_recurrent_region_(BP4-BP5)_(includes_CHRNA7)	0	.	30900686	32153204	255,111,0
chr15	34456412	34456414	13581	chr15	34378801	34640716	BP6	0	.	34378801	34640716	0,0,0
chr15	34458344	34458346	13582	chr15	34378801	34640716	BP6	0	.	34378801	34640716	0,0,0
chr15	73295329	73295436	13787	chr15	72671374	75215971	15q24_recurrent_region_(A-C)	0	.	72671374	75215971	255,111,0
chr15	73295329	73295436	13787	chr15	72671374	75680568	15q24_recurrent_region_(A-D)_(includes_SIN3A)	0	.	72671374	75680568	255,111,0
chr15	73744890	73745063	13788	chr15	72671374	75215971	15q24_recurrent_region_(A-C)	0	.	72671374	75215971	255,111,0
chr15	73744890	73745063	13788	chr15	72671374	75680568	15q24_recurrent_region_(A-D)_(includes_SIN3A)	0	.	72671374	75680568	255,111,0
chr15	73871863	73872043	13789	chr15	72671374	75215971	15q24_recurrent_region_(A-C)	0	.	72671374	75215971	255,111,0
chr15	73871863	73872043	13789	chr15	72671374	75680568	15q24_recurrent_region_(A-D)_(includes_SIN3A)	0	.	72671374	75680568	255,111,0
chr15	74668728	74668730	13790	chr15	72671374	75215971	15q24_recurrent_region_(A-C)	0	.	72671374	75215971	255,111,0
chr15	74668728	74668730	13790	chr15	72671374	75680568	15q24_recurrent_region_(A-D)_(includes_SIN3A)	0	.	72671374	75680568	255,111,0
chr15	74715128	74715160	13791	chr15	72671374	75215971	15q24_recurrent_region_(A-C)	0	.	72671374	75215971	255,111,0
chr15	74715128	74715160	13791	chr15	72671374	75680568	15q24_recurrent_region_(A-D)_(includes_SIN3A)	0	.	72671374	75680568	255,111,0
chr15	74822104	74822140	13792	chr15	72671374	75215971	15q24_recurrent_region_(A-C)	0	.	72671374	75215971	255,111,0
chr15	74822104	74822140	13792	chr15	72671374	75680568	15q24_recurrent_region_(A-D)_(includes_SIN3A)	0	.	72671374	75680568	255,111,0
chr15	74961700	74961742	13793	chr15	72671374	75215971	15q24_recurrent_region_(A-C)	0	.	72671374	75215971	255,111,0
chr15	74961700	74961742	13793	chr15	72671374	75680568	15q24_recurrent_region_(A-D)_(includes_SIN3A)	0	.	72671374	75680568	255,111,0
chr15	75033628	75033645	13794	chr15	72671374	75215971	15q24_recurrent_region_(A-C)	0	.	72671374	75215971	255,111,0
chr15	75033628	75033645	13794	chr15	72671374	75680568	15q24_recurrent_region_(A-D)_(includes_SIN3A)	0	.	72671374	75680568	255,111,0
chr15	75254112	75254139	13795	chr15	75215972	75339445	BPC	0	.	75215972	75339445	0,0,0
chr15	75254112	75254139	13795	chr15	72671374	75680568	15q24_recurrent_region_(A-D)_(includes_SIN3A)	0	.	72671374	75680568	255,111,0
chr15	82683650	82683675	13837	chr15	82534140	84045981	15q25.2_recurrent_region_(LCR_B-C,_proximal)	0	.	82534140	84045981	255,111,0
chr15	82690919	82690921	13838	chr15	82534140	84045981	15q25.2_recurrent_region_(LCR_B-C,_proximal)	0	.	82534140	84045981	255,111,0
chr15	82882867	82888919	13839	chr15	82534140	84045981	15q25.2_recurrent_region_(LCR_B-C,_proximal)	0	.	82534140	84045981	255,111,0
chr15	83176938	83176940	13840	chr15	82534140	84045981	15q25.2_recurrent_region_(LCR_B-C,_proximal)	0	.	82534140	84045981	255,111,0
chr15	83402422	83403520	13841	chr15	82534140	84045981	15q25.2_recurrent_region_(LCR_B-C,_proximal)	0	.	82534140	84045981	255,111,0
chr15	83611866	83612077	13842	chr15	82534140	84045981	15q25.2_recurrent_region_(LCR_B-C,_proximal)	0	.	82534140	84045981	255,111,0
chr15	83614555	83614577	13843	chr15	82534140	84045981	15q25.2_recurrent_region_(LCR_B-C,_proximal)	0	.	82534140	84045981	255,111,0
chr15	83669363	83669396	13844	chr15	82534140	84045981	15q25.2_recurrent_region_(LCR_B-C,_proximal)	0	.	82534140	84045981	255,111,0
chr15	83872681	83875092	13845	chr15	82534140	84045981	15q25.2_recurrent_region_(LCR_B-C,_proximal)	0	.	82534140	84045981	255,111,0
chr15	84609287	84609319	13846	chr15	84596421	85169770	15q25.2q25.3_recurrent_region_(LCR_C-D,_distal)	0	.	84596421	85169770	255,111,0
chr15	84643644	84643664	13847	chr15	84596421	85169770	15q25.2q25.3_recurrent_region_(LCR_C-D,_distal)	0	.	84596421	85169770	255,111,0
chr15	84906534	84906594	13848	chr15	84596421	85169770	15q25.2q25.3_recurrent_region_(LCR_C-D,_distal)	0	.	84596421	85169770	255,111,0
chr16	15806768	15806770	14040	chr16	15417854	16198408	16p13.11_recurrent_region_(includes_MYH11)	0	.	15417854	16198408	255,111,0
chr16	16031900	16031902	14041	chr16	15417854	16198408	16p13.11_recurrent_region_(includes_MYH11)	0	.	15417854	16198408	255,111,0
chr16	16051970	16051988	14042	chr16	15417854	16198408	16p13.11_recurrent_region_(includes_MYH11)	0	.	15417854	16198408	255,111,0
chr16	16075986	16076025	14043	chr16	15417854	16198408	16p13.11_recurrent_region_(includes_MYH11)	0	.	15417854	16198408	255,111,0
chr16	16120195	16120197	14044	chr16	15417854	16198408	16p13.11_recurrent_region_(includes_MYH11)	0	.	15417854	16198408	255,111,0
chr16	21640367	21640391	14072	chr16	21558792	21729102	16p12.2_recurrent_region_(includes_OTOA)(distal_region)	0	.	21558792	21729102	255,111,0
chr16	22024011	22024030	14073	chr16	21937124	22419483	16p12.2_recurrent_region_(includes_EEF2K,_CDR2)	0	.	21937124	22419483	255,111,0
chr16	22423906	22423940	14074	chr16	22419484	22613938	16p12.1_proximal_breakpoint	0	.	22419484	22613938	0,0,0
chr16	28416718	28416811	14115	chr16	28327647	28471892	BP1	0	.	28327647	28471892	0,0,0
chr16	29656792	29656822	14117	chr16	29638676	30188531	16p11.2_recurrent_region_(proximal,_BP4-BP5)_(includes_TBX6)	0	.	29638676	30188531	255,111,0
chr16	29668714	29668716	14118	chr16	29638676	30188531	16p11.2_recurrent_region_(proximal,_BP4-BP5)_(includes_TBX6)	0	.	29638676	30188531	255,111,0
chr17	14286458	14288239	14514	chr17	14194598	15519638	17p12_recurrent_(HNPP/CMT1A)_region_(includes_PMP22)	0	.	14194598	15519638	255,111,0
chr17	14431738	14431767	14515	chr17	14194598	15519638	17p12_recurrent_(HNPP/CMT1A)_region_(includes_PMP22)	0	.	14194598	15519638	255,111,0
chr17	14455797	14455799	14516	chr17	14194598	15519638	17p12_recurrent_(HNPP/CMT1A)_region_(includes_PMP22)	0	.	14194598	15519638	255,111,0
chr17	14502796	14502815	14517	chr17	14194598	15519638	17p12_recurrent_(HNPP/CMT1A)_region_(includes_PMP22)	0	.	14194598	15519638	255,111,0
chr17	14617082	14617105	14518	chr17	14194598	15519638	17p12_recurrent_(HNPP/CMT1A)_region_(includes_PMP22)	0	.	14194598	15519638	255,111,0
chr17	14630659	14630676	14519	chr17	14194598	15519638	17p12_recurrent_(HNPP/CMT1A)_region_(includes_PMP22)	0	.	14194598	15519638	255,111,0
chr17	14657580	14657582	14520	chr17	14194598	15519638	17p12_recurrent_(HNPP/CMT1A)_region_(includes_PMP22)	0	.	14194598	15519638	255,111,0
chr17	14812558	14812560	14521	chr17	14194598	15519638	17p12_recurrent_(HNPP/CMT1A)_region_(includes_PMP22)	0	.	14194598	15519638	255,111,0
chr17	14872412	14872414	14522	chr17	14194598	15519638	17p12_recurrent_(HNPP/CMT1A)_region_(includes_PMP22)	0	.	14194598	15519638	255,111,0
chr17	14976243	14976263	14523	chr17	14194598	15519638	17p12_recurrent_(HNPP/CMT1A)_region_(includes_PMP22)	0	.	14194598	15519638	255,111,0
chr17	15175174	15175176	14524	chr17	14194598	15519638	17p12_recurrent_(HNPP/CMT1A)_region_(includes_PMP22)	0	.	14194598	15519638	255,111,0
chr17	15226111	15226132	14525	chr17	14194598	15519638	17p12_recurrent_(HNPP/CMT1A)_region_(includes_PMP22)	0	.	14194598	15519638	255,111,0
chr17	15280146	15282379	14526	chr17	14194598	15519638	17p12_recurrent_(HNPP/CMT1A)_region_(includes_PMP22)	0	.	14194598	15519638	255,111,0
chr17	15465099	15465297	14527	chr17	14194598	15519638	17p12_recurrent_(HNPP/CMT1A)_region_(includes_PMP22)	0	.	14194598	15519638	255,111,0
chr17	15502136	15502138	14528	chr17	14194598	15519638	17p12_recurrent_(HNPP/CMT1A)_region_(includes_PMP22)	0	.	14194598	15519638	255,111,0
chr17	15518699	15518719	14529	chr17	14194598	15519638	17p12_recurrent_(HNPP/CMT1A)_region_(includes_PMP22)	0	.	14194598	15519638	255,111,0
chr17	15817355	15817379	14530	chr17	15519639	15880697	Proximal_CMT1A-Rep/LCR17pA	0	.	15519639	15880697	0,0,0
chr17	16917902	16917904	14537	chr17	16906714	20309889	17p11.2_recurrent_(SMS/PLS)_region_(includes_RAI1)	0	.	16906714	20309889	255,111,0
chr17	17191683	17191702	14538	chr17	16906714	20309889	17p11.2_recurrent_(SMS/PLS)_region_(includes_RAI1)	0	.	16906714	20309889	255,111,0
chr17	17274415	17274417	14539	chr17	16906714	20309889	17p11.2_recurrent_(SMS/PLS)_region_(includes_RAI1)	0	.	16906714	20309889	255,111,0
chr17	17327059	17327937	14540	chr17	16906714	20309889	17p11.2_recurrent_(SMS/PLS)_region_(includes_RAI1)	0	.	16906714	20309889	255,111,0
chr17	17700796	17700819	14541	chr17	16906714	20309889	17p11.2_recurrent_(SMS/PLS)_region_(includes_RAI1)	0	.	16906714	20309889	255,111,0
chr17	17867213	17867215	14542	chr17	16906714	20309889	17p11.2_recurrent_(SMS/PLS)_region_(includes_RAI1)	0	.	16906714	20309889	255,111,0
chr17	18214570	18214797	14543	chr17	16906714	20309889	17p11.2_recurrent_(SMS/PLS)_region_(includes_RAI1)	0	.	16906714	20309889	255,111,0
chr17	18271670	18271672	14544	chr17	16906714	20309889	17p11.2_recurrent_(SMS/PLS)_region_(includes_RAI1)	0	.	16906714	20309889	255,111,0
chr17	18366881	18368338	14545	chr17	16906714	20309889	17p11.2_recurrent_(SMS/PLS)_region_(includes_RAI1)	0	.	16906714	20309889	255,111,0
chr17	18868461	18868510	14546	chr17	16906714	20309889	17p11.2_recurrent_(SMS/PLS)_region_(includes_RAI1)	0	.	16906714	20309889	255,111,0
chr17	18887824	18888851	14547	chr17	16906714	20309889	17p11.2_recurrent_(SMS/PLS)_region_(includes_RAI1)	0	.	16906714	20309889	255,111,0
chr17	19589396	19589398	14548	chr17	16906714	20309889	17p11.2_recurrent_(SMS/PLS)_region_(includes_RAI1)	0	.	16906714	20309889	255,111,0
chr17	19595395	19635252	14549	chr17	16906714	20309889	17p11.2_recurrent_(SMS/PLS)_region_(includes_RAI1)	0	.	16906714	20309889	255,111,0
chr17	19668596	19669008	14550	chr17	16906714	20309889	17p11.2_recurrent_(SMS/PLS)_region_(includes_RAI1)	0	.	16906714	20309889	255,111,0
chr17	19860134	19860136	14551	chr17	16906714	20309889	17p11.2_recurrent_(SMS/PLS)_region_(includes_RAI1)	0	.	16906714	20309889	255,111,0
chr17	19917871	19917873	14552	chr17	16906714	20309889	17p11.2_recurrent_(SMS/PLS)_region_(includes_RAI1)	0	.	16906714	20309889	255,111,0
chr17	19946047	19946263	14553	chr17	16906714	20309889	17p11.2_recurrent_(SMS/PLS)_region_(includes_RAI1)	0	.	16906714	20309889	255,111,0
chr17	19998990	19999395	14554	chr17	16906714	20309889	17p11.2_recurrent_(SMS/PLS)_region_(includes_RAI1)	0	.	16906714	20309889	255,111,0
chr17	20032388	20032409	14555	chr17	16906714	20309889	17p11.2_recurrent_(SMS/PLS)_region_(includes_RAI1)	0	.	16906714	20309889	255,111,0
chr17	20291916	20291939	14556	chr17	16906714	20309889	17p11.2_recurrent_(SMS/PLS)_region_(includes_RAI1)	0	.	16906714	20309889	255,111,0
chr17	20320058	20320106	14557	chr17	20309890	20906980	SMS-REP_Proximal/LCR17pC,D,G	0	.	20309890	20906980	0,0,0
chr17	20612309	20612341	14558	chr17	20309890	20906980	SMS-REP_Proximal/LCR17pC,D,G	0	.	20309890	20906980	0,0,0
chr17	20707723	20711253	14559	chr17	20309890	20906980	SMS-REP_Proximal/LCR17pC,D,G	0	.	20309890	20906980	0,0,0
chr17	20759268	20759743	14560	chr17	20309890	20906980	SMS-REP_Proximal/LCR17pC,D,G	0	.	20309890	20906980	0,0,0
chr17	20775416	20776977	14561	chr17	20309890	20906980	SMS-REP_Proximal/LCR17pC,D,G	0	.	20309890	20906980	0,0,0
chr17	20815757	20815793	14562	chr17	20309890	20906980	SMS-REP_Proximal/LCR17pC,D,G	0	.	20309890	20906980	0,0,0
chr17	30733938	30733959	14589	chr17	30709607	30780078	SUZ12P1	0	.	30709607	30780078	0,0,0
chr17	30733938	30733959	14589	chr17	30709607	32001248	17q11.2_recurrent_region-Type_1(includes_NF1)	0	.	30709607	32001248	255,111,0
chr17	30779801	30779803	14590	chr17	30709607	30780078	SUZ12P1	0	.	30709607	30780078	0,0,0
chr17	30779801	30779803	14590	chr17	30709607	32001248	17q11.2_recurrent_region-Type_1(includes_NF1)	0	.	30709607	32001248	255,111,0
chr17	30814867	30818075	14591	chr17	30709607	32001248	17q11.2_recurrent_region-Type_1(includes_NF1)	0	.	30709607	32001248	255,111,0
chr17	30814867	30818075	14591	chr17	30780079	31937008	17q11.2_recurrent_region-Type_2(includes_NF1)	0	.	30780079	31937008	255,111,0
chr17	31127124	31127172	14592	chr17	30709607	32001248	17q11.2_recurrent_region-Type_1(includes_NF1)	0	.	30709607	32001248	255,111,0
chr17	31127124	31127172	14592	chr17	30780079	31937008	17q11.2_recurrent_region-Type_2(includes_NF1)	0	.	30780079	31937008	255,111,0
chr17	31127124	31127172	14592	chr17	31051211	32001248	17q11.2_recurrent_region-Type_3(includes_NF1)	0	.	31051211	32001248	255,111,0
chr17	31206666	31206683	14593	chr17	30709607	32001248	17q11.2_recurrent_region-Type_1(includes_NF1)	0	.	30709607	32001248	255,111,0
chr17	31206666	31206683	14593	chr17	30780079	31937008	17q11.2_recurrent_region-Type_2(includes_NF1)	0	.	30780079	31937008	255,111,0
chr17	31206666	31206683	14593	chr17	31051211	32001248	17q11.2_recurrent_region-Type_3(includes_NF1)	0	.	31051211	32001248	255,111,0
chr17	31455640	31455642	14594	chr17	30709607	32001248	17q11.2_recurrent_region-Type_1(includes_NF1)	0	.	30709607	32001248	255,111,0
chr17	31455640	31455642	14594	chr17	30780079	31937008	17q11.2_recurrent_region-Type_2(includes_NF1)	0	.	30780079	31937008	255,111,0
chr17	31455640	31455642	14594	chr17	31051211	32001248	17q11.2_recurrent_region-Type_3(includes_NF1)	0	.	31051211	32001248	255,111,0
chr17	31605439	31605753	14595	chr17	30709607	32001248	17q11.2_recurrent_region-Type_1(includes_NF1)	0	.	30709607	32001248	255,111,0
chr17	31605439	31605753	14595	chr17	30780079	31937008	17q11.2_recurrent_region-Type_2(includes_NF1)	0	.	30780079	31937008	255,111,0
chr17	31605439	31605753	14595	chr17	31051211	32001248	17q11.2_recurrent_region-Type_3(includes_NF1)	0	.	31051211	32001248	255,111,0
chr17	31701762	31701764	14596	chr17	30709607	32001248	17q11.2_recurrent_region-Type_1(includes_NF1)	0	.	30709607	32001248	255,111,0
chr17	31701762	31701764	14596	chr17	30780079	31937008	17q11.2_recurrent_region-Type_2(includes_NF1)	0	.	30780079	31937008	255,111,0
chr17	31701762	31701764	14596	chr17	31051211	32001248	17q11.2_recurrent_region-Type_3(includes_NF1)	0	.	31051211	32001248	255,111,0
chr17	31734575	31734653	14597	chr17	30709607	32001248	17q11.2_recurrent_region-Type_1(includes_NF1)	0	.	30709607	32001248	255,111,0
chr17	31734575	31734653	14597	chr17	30780079	31937008	17q11.2_recurrent_region-Type_2(includes_NF1)	0	.	30780079	31937008	255,111,0
chr17	31734575	31734653	14597	chr17	31051211	32001248	17q11.2_recurrent_region-Type_3(includes_NF1)	0	.	31051211	32001248	255,111,0
chr17	31779604	31780525	14598	chr17	30709607	32001248	17q11.2_recurrent_region-Type_1(includes_NF1)	0	.	30709607	32001248	255,111,0
chr17	31779604	31780525	14598	chr17	30780079	31937008	17q11.2_recurrent_region-Type_2(includes_NF1)	0	.	30780079	31937008	255,111,0
chr17	31779604	31780525	14598	chr17	31051211	32001248	17q11.2_recurrent_region-Type_3(includes_NF1)	0	.	31051211	32001248	255,111,0
chr17	31964328	31964359	14599	chr17	31937009	32001045	SUZ12	0	.	31937009	32001045	0,0,0
chr17	31964328	31964359	14599	chr17	30709607	32001248	17q11.2_recurrent_region-Type_1(includes_NF1)	0	.	30709607	32001248	255,111,0
chr17	31964328	31964359	14599	chr17	31051211	32001248	17q11.2_recurrent_region-Type_3(includes_NF1)	0	.	31051211	32001248	255,111,0
chr17	31987611	31987635	14600	chr17	31937009	32001045	SUZ12	0	.	31937009	32001045	0,0,0
chr17	31987611	31987635	14600	chr17	30709607	32001248	17q11.2_recurrent_region-Type_1(includes_NF1)	0	.	30709607	32001248	255,111,0
chr17	31987611	31987635	14600	chr17	31051211	32001248	17q11.2_recurrent_region-Type_3(includes_NF1)	0	.	31051211	32001248	255,111,0
chr17	36088876	36195492	14623	chr17	36078633	36458166	17q12_proximal_breakpoint	0	.	36078633	36458166	0,0,0
chr17	36446543	36459257	14624	chr17	36078633	36458166	17q12_proximal_breakpoint	0	.	36078633	36458166	0,0,0
chr17	36446543	36459257	14624	chr17	36458167	37854616	17q12_recurrent_(RCAD_syndrome)_region_(includes_HNF1B)	0	.	36458167	37854616	255,111,0
chr17	36893224	36893658	14625	chr17	36458167	37854616	17q12_recurrent_(RCAD_syndrome)_region_(includes_HNF1B)	0	.	36458167	37854616	255,111,0
chr17	36989995	36989997	14626	chr17	36458167	37854616	17q12_recurrent_(RCAD_syndrome)_region_(includes_HNF1B)	0	.	36458167	37854616	255,111,0
chr17	37380858	37381891	14627	chr17	36458167	37854616	17q12_recurrent_(RCAD_syndrome)_region_(includes_HNF1B)	0	.	36458167	37854616	255,111,0
chr17	37418844	37422301	14628	chr17	36458167	37854616	17q12_recurrent_(RCAD_syndrome)_region_(includes_HNF1B)	0	.	36458167	37854616	255,111,0
chr17	37678361	37678414	14629	chr17	36458167	37854616	17q12_recurrent_(RCAD_syndrome)_region_(includes_HNF1B)	0	.	36458167	37854616	255,111,0
chr17	37724296	37724322	14630	chr17	36458167	37854616	17q12_recurrent_(RCAD_syndrome)_region_(includes_HNF1B)	0	.	36458167	37854616	255,111,0
chr17	37774367	37774394	14631	chr17	36458167	37854616	17q12_recurrent_(RCAD_syndrome)_region_(includes_HNF1B)	0	.	36458167	37854616	255,111,0
chr17	37780684	37780712	14632	chr17	36458167	37854616	17q12_recurrent_(RCAD_syndrome)_region_(includes_HNF1B)	0	.	36458167	37854616	255,111,0
chr17	37809360	37809668	14633	chr17	36458167	37854616	17q12_recurrent_(RCAD_syndrome)_region_(includes_HNF1B)	0	.	36458167	37854616	255,111,0
chr17	59933332	59933334	14739	chr17	59921943	60035640	17q23.1q23.2_proximal_breakpoint	0	.	59921943	60035640	0,0,0
chr17	60249855	60249925	14740	chr17	60035641	62198448	17q23.1q23.2_recurrent_region_(includes_TBX2,_TBX4)	0	.	60035641	62198448	255,111,0
chr17	60313180	60313232	14741	chr17	60035641	62198448	17q23.1q23.2_recurrent_region_(includes_TBX2,_TBX4)	0	.	60035641	62198448	255,111,0
chr17	60368984	60369294	14742	chr17	60035641	62198448	17q23.1q23.2_recurrent_region_(includes_TBX2,_TBX4)	0	.	60035641	62198448	255,111,0
chr17	60494963	60494986	14743	chr17	60035641	62198448	17q23.1q23.2_recurrent_region_(includes_TBX2,_TBX4)	0	.	60035641	62198448	255,111,0
chr17	60498885	60498937	14744	chr17	60035641	62198448	17q23.1q23.2_recurrent_region_(includes_TBX2,_TBX4)	0	.	60035641	62198448	255,111,0
chr17	60502486	60503913	14745	chr17	60035641	62198448	17q23.1q23.2_recurrent_region_(includes_TBX2,_TBX4)	0	.	60035641	62198448	255,111,0
chr17	60692805	60692807	14746	chr17	60035641	62198448	17q23.1q23.2_recurrent_region_(includes_TBX2,_TBX4)	0	.	60035641	62198448	255,111,0
chr17	61308151	61308153	14747	chr17	60035641	62198448	17q23.1q23.2_recurrent_region_(includes_TBX2,_TBX4)	0	.	60035641	62198448	255,111,0
chr17	61375245	61375247	14748	chr17	60035641	62198448	17q23.1q23.2_recurrent_region_(includes_TBX2,_TBX4)	0	.	60035641	62198448	255,111,0
chr17	61600122	61600149	14749	chr17	60035641	62198448	17q23.1q23.2_recurrent_region_(includes_TBX2,_TBX4)	0	.	60035641	62198448	255,111,0
chr17	61612274	61612357	14750	chr17	60035641	62198448	17q23.1q23.2_recurrent_region_(includes_TBX2,_TBX4)	0	.	60035641	62198448	255,111,0
chr17	62088388	62088426	14751	chr17	60035641	62198448	17q23.1q23.2_recurrent_region_(includes_TBX2,_TBX4)	0	.	60035641	62198448	255,111,0
chr17	62187770	62187772	14752	chr17	60035641	62198448	17q23.1q23.2_recurrent_region_(includes_TBX2,_TBX4)	0	.	60035641	62198448	255,111,0
chr22	17023251	17023253	16390	chr22	16912063	18109094	22q11.21_recurrent_(Cat_eye_syndrome)_region_(includes_CECR2)	0	.	16912063	18109094	255,111,0
chr22	17289462	17298219	16391	chr22	16912063	18109094	22q11.21_recurrent_(Cat_eye_syndrome)_region_(includes_CECR2)	0	.	16912063	18109094	255,111,0
chr22	17376400	17376402	16392	chr22	16912063	18109094	22q11.21_recurrent_(Cat_eye_syndrome)_region_(includes_CECR2)	0	.	16912063	18109094	255,111,0
chr22	17409237	17410023	16393	chr22	16912063	18109094	22q11.21_recurrent_(Cat_eye_syndrome)_region_(includes_CECR2)	0	.	16912063	18109094	255,111,0
chr22	17419497	17419565	16394	chr22	16912063	18109094	22q11.21_recurrent_(Cat_eye_syndrome)_region_(includes_CECR2)	0	.	16912063	18109094	255,111,0
chr22	17431775	17432255	16395	chr22	16912063	18109094	22q11.21_recurrent_(Cat_eye_syndrome)_region_(includes_CECR2)	0	.	16912063	18109094	255,111,0
chr22	17574829	17574831	16396	chr22	16912063	18109094	22q11.21_recurrent_(Cat_eye_syndrome)_region_(includes_CECR2)	0	.	16912063	18109094	255,111,0
chr22	17616749	17617061	16397	chr22	16912063	18109094	22q11.21_recurrent_(Cat_eye_syndrome)_region_(includes_CECR2)	0	.	16912063	18109094	255,111,0
chr22	17720153	17720155	16398	chr22	16912063	18109094	22q11.21_recurrent_(Cat_eye_syndrome)_region_(includes_CECR2)	0	.	16912063	18109094	255,111,0
chr22	17911872	17911874	16399	chr22	16912063	18109094	22q11.21_recurrent_(Cat_eye_syndrome)_region_(includes_CECR2)	0	.	16912063	18109094	255,111,0
chr22	17998301	17998303	16400	chr22	16912063	18109094	22q11.21_recurrent_(Cat_eye_syndrome)_region_(includes_CECR2)	0	.	16912063	18109094	255,111,0
chr22	18990061	18990128	16402	chr22	18924718	21111383	22q11.2_recurrent_(DGS/VCFS)_region_(proximal,_A-D)_(includes_TBX1)	0	.	18924718	21111383	255,111,0
chr22	18990061	18990128	16402	chr22	18924718	20299685	22q11.2_recurrent_(DGS/VCFS)_region_(proximal,_A-B)_(includes_TBX1)	0	.	18924718	20299685	255,111,0
chr22	19034864	19034884	16403	chr22	18924718	21111383	22q11.2_recurrent_(DGS/VCFS)_region_(proximal,_A-D)_(includes_TBX1)	0	.	18924718	21111383	255,111,0
chr22	19034864	19034884	16403	chr22	18924718	20299685	22q11.2_recurrent_(DGS/VCFS)_region_(proximal,_A-B)_(includes_TBX1)	0	.	18924718	20299685	255,111,0
chr22	19112416	19113113	16404	chr22	18924718	21111383	22q11.2_recurrent_(DGS/VCFS)_region_(proximal,_A-D)_(includes_TBX1)	0	.	18924718	21111383	255,111,0
chr22	19112416	19113113	16404	chr22	18924718	20299685	22q11.2_recurrent_(DGS/VCFS)_region_(proximal,_A-B)_(includes_TBX1)	0	.	18924718	20299685	255,111,0
chr22	19257694	19257728	16405	chr22	18924718	21111383	22q11.2_recurrent_(DGS/VCFS)_region_(proximal,_A-D)_(includes_TBX1)	0	.	18924718	21111383	255,111,0
chr22	19257694	19257728	16405	chr22	18924718	20299685	22q11.2_recurrent_(DGS/VCFS)_region_(proximal,_A-B)_(includes_TBX1)	0	.	18924718	20299685	255,111,0
chr22	19260391	19260580	16406	chr22	18924718	21111383	22q11.2_recurrent_(DGS/VCFS)_region_(proximal,_A-D)_(includes_TBX1)	0	.	18924718	21111383	255,111,0
chr22	19260391	19260580	16406	chr22	18924718	20299685	22q11.2_recurrent_(DGS/VCFS)_region_(proximal,_A-B)_(includes_TBX1)	0	.	18924718	20299685	255,111,0
chr22	19275927	19275953	16407	chr22	18924718	21111383	22q11.2_recurrent_(DGS/VCFS)_region_(proximal,_A-D)_(includes_TBX1)	0	.	18924718	21111383	255,111,0
chr22	19275927	19275953	16407	chr22	18924718	20299685	22q11.2_recurrent_(DGS/VCFS)_region_(proximal,_A-B)_(includes_TBX1)	0	.	18924718	20299685	255,111,0
chr22	19478567	19478586	16408	chr22	18924718	21111383	22q11.2_recurrent_(DGS/VCFS)_region_(proximal,_A-D)_(includes_TBX1)	0	.	18924718	21111383	255,111,0
chr22	19478567	19478586	16408	chr22	18924718	20299685	22q11.2_recurrent_(DGS/VCFS)_region_(proximal,_A-B)_(includes_TBX1)	0	.	18924718	20299685	255,111,0
chr22	19561239	19561241	16409	chr22	18924718	21111383	22q11.2_recurrent_(DGS/VCFS)_region_(proximal,_A-D)_(includes_TBX1)	0	.	18924718	21111383	255,111,0
chr22	19561239	19561241	16409	chr22	18924718	20299685	22q11.2_recurrent_(DGS/VCFS)_region_(proximal,_A-B)_(includes_TBX1)	0	.	18924718	20299685	255,111,0
chr22	19624270	19624289	16410	chr22	18924718	21111383	22q11.2_recurrent_(DGS/VCFS)_region_(proximal,_A-D)_(includes_TBX1)	0	.	18924718	21111383	255,111,0
chr22	19624270	19624289	16410	chr22	18924718	20299685	22q11.2_recurrent_(DGS/VCFS)_region_(proximal,_A-B)_(includes_TBX1)	0	.	18924718	20299685	255,111,0
chr22	19627712	19627732	16411	chr22	18924718	21111383	22q11.2_recurrent_(DGS/VCFS)_region_(proximal,_A-D)_(includes_TBX1)	0	.	18924718	21111383	255,111,0
chr22	19627712	19627732	16411	chr22	18924718	20299685	22q11.2_recurrent_(DGS/VCFS)_region_(proximal,_A-B)_(includes_TBX1)	0	.	18924718	20299685	255,111,0
chr22	19635479	19635481	16412	chr22	18924718	21111383	22q11.2_recurrent_(DGS/VCFS)_region_(proximal,_A-D)_(includes_TBX1)	0	.	18924718	21111383	255,111,0
chr22	19635479	19635481	16412	chr22	18924718	20299685	22q11.2_recurrent_(DGS/VCFS)_region_(proximal,_A-B)_(includes_TBX1)	0	.	18924718	20299685	255,111,0
chr22	19781974	19781976	16413	chr22	18924718	21111383	22q11.2_recurrent_(DGS/VCFS)_region_(proximal,_A-D)_(includes_TBX1)	0	.	18924718	21111383	255,111,0
chr22	19781974	19781976	16413	chr22	18924718	20299685	22q11.2_recurrent_(DGS/VCFS)_region_(proximal,_A-B)_(includes_TBX1)	0	.	18924718	20299685	255,111,0
chr22	19925047	19925890	16414	chr22	18924718	21111383	22q11.2_recurrent_(DGS/VCFS)_region_(proximal,_A-D)_(includes_TBX1)	0	.	18924718	21111383	255,111,0
chr22	19925047	19925890	16414	chr22	18924718	20299685	22q11.2_recurrent_(DGS/VCFS)_region_(proximal,_A-B)_(includes_TBX1)	0	.	18924718	20299685	255,111,0
chr22	20108790	20108792	16415	chr22	18924718	21111383	22q11.2_recurrent_(DGS/VCFS)_region_(proximal,_A-D)_(includes_TBX1)	0	.	18924718	21111383	255,111,0
chr22	20108790	20108792	16415	chr22	18924718	20299685	22q11.2_recurrent_(DGS/VCFS)_region_(proximal,_A-B)_(includes_TBX1)	0	.	18924718	20299685	255,111,0
chr22	20355898	20361523	16416	chr22	20299686	20377695	BP-B_(BP-3a)	0	.	20299686	20377695	0,0,0
chr22	20355898	20361523	16416	chr22	18924718	21111383	22q11.2_recurrent_(DGS/VCFS)_region_(proximal,_A-D)_(includes_TBX1)	0	.	18924718	21111383	255,111,0
chr22	20398909	20398926	16417	chr22	18924718	21111383	22q11.2_recurrent_(DGS/VCFS)_region_(proximal,_A-D)_(includes_TBX1)	0	.	18924718	21111383	255,111,0
chr22	20398909	20398926	16417	chr22	20377696	21111383	22q11.2_recurrent_region_(central,_B-D)_(includes_CRKL)	0	.	20377696	21111383	255,111,0
chr22	20596334	20599553	16418	chr22	18924718	21111383	22q11.2_recurrent_(DGS/VCFS)_region_(proximal,_A-D)_(includes_TBX1)	0	.	18924718	21111383	255,111,0
chr22	20596334	20599553	16418	chr22	20377696	21111383	22q11.2_recurrent_region_(central,_B-D)_(includes_CRKL)	0	.	20377696	21111383	255,111,0
chr22	20640999	20641001	16419	chr22	18924718	21111383	22q11.2_recurrent_(DGS/VCFS)_region_(proximal,_A-D)_(includes_TBX1)	0	.	18924718	21111383	255,111,0
chr22	20640999	20641001	16419	chr22	20377696	21111383	22q11.2_recurrent_region_(central,_B-D)_(includes_CRKL)	0	.	20377696	21111383	255,111,0
chr22	20649057	20649059	16420	chr22	18924718	21111383	22q11.2_recurrent_(DGS/VCFS)_region_(proximal,_A-D)_(includes_TBX1)	0	.	18924718	21111383	255,111,0
chr22	20649057	20649059	16420	chr22	20377696	21111383	22q11.2_recurrent_region_(central,_B-D)_(includes_CRKL)	0	.	20377696	21111383	255,111,0
chr22	20976158	20976180	16421	chr22	18924718	21111383	22q11.2_recurrent_(DGS/VCFS)_region_(proximal,_A-D)_(includes_TBX1)	0	.	18924718	21111383	255,111,0
chr22	20976158	20976180	16421	chr22	20377696	21111383	22q11.2_recurrent_region_(central,_B-D)_(includes_CRKL)	0	.	20377696	21111383	255,111,0
chr22	20976158	20976180	16421	chr22	20738050	21111383	22q11.2_recurrent_region_(central,_C-D)	0	.	20738050	21111383	255,111,0
chr22	21092384	21092407	16422	chr22	18924718	21111383	22q11.2_recurrent_(DGS/VCFS)_region_(proximal,_A-D)_(includes_TBX1)	0	.	18924718	21111383	255,111,0
chr22	21092384	21092407	16422	chr22	20377696	21111383	22q11.2_recurrent_region_(central,_B-D)_(includes_CRKL)	0	.	20377696	21111383	255,111,0
chr22	21092384	21092407	16422	chr22	20738050	21111383	22q11.2_recurrent_region_(central,_C-D)	0	.	20738050	21111383	255,111,0
chr22	21682593	21682595	16423	chr22	21562828	22620607	22q11.2_recurrent_region_(distal_type_I,_D-E)	0	.	21562828	22620607	255,111,0
chr22	21682593	21682595	16423	chr22	21562828	23306924	22q11.2_recurrent_region_(distal_type_I,_D-F)	0	.	21562828	23306924	255,111,0
chr22	21682593	21682595	16423	chr22	21562828	24598466	22q11.2_recurrent_region_(distal_type_III,_D-H)_(includes_SMARCB1)	0	.	21562828	24598466	255,111,0
chr22	22048389	22048428	16424	chr22	21562828	22620607	22q11.2_recurrent_region_(distal_type_I,_D-E)	0	.	21562828	22620607	255,111,0
chr22	22048389	22048428	16424	chr22	21562828	23306924	22q11.2_recurrent_region_(distal_type_I,_D-F)	0	.	21562828	23306924	255,111,0
chr22	22048389	22048428	16424	chr22	21562828	24598466	22q11.2_recurrent_region_(distal_type_III,_D-H)_(includes_SMARCB1)	0	.	21562828	24598466	255,111,0
chr22	22085876	22086038	16425	chr22	21562828	22620607	22q11.2_recurrent_region_(distal_type_I,_D-E)	0	.	21562828	22620607	255,111,0
chr22	22085876	22086038	16425	chr22	21562828	23306924	22q11.2_recurrent_region_(distal_type_I,_D-F)	0	.	21562828	23306924	255,111,0
chr22	22085876	22086038	16425	chr22	21562828	24598466	22q11.2_recurrent_region_(distal_type_III,_D-H)_(includes_SMARCB1)	0	.	21562828	24598466	255,111,0
chr22	22118251	22118274	16426	chr22	21562828	22620607	22q11.2_recurrent_region_(distal_type_I,_D-E)	0	.	21562828	22620607	255,111,0
chr22	22118251	22118274	16426	chr22	21562828	23306924	22q11.2_recurrent_region_(distal_type_I,_D-F)	0	.	21562828	23306924	255,111,0
chr22	22118251	22118274	16426	chr22	21562828	24598466	22q11.2_recurrent_region_(distal_type_III,_D-H)_(includes_SMARCB1)	0	.	21562828	24598466	255,111,0
chr22	22120060	22120092	16427	chr22	21562828	22620607	22q11.2_recurrent_region_(distal_type_I,_D-E)	0	.	21562828	22620607	255,111,0
chr22	22120060	22120092	16427	chr22	21562828	23306924	22q11.2_recurrent_region_(distal_type_I,_D-F)	0	.	21562828	23306924	255,111,0
chr22	22120060	22120092	16427	chr22	21562828	24598466	22q11.2_recurrent_region_(distal_type_III,_D-H)_(includes_SMARCB1)	0	.	21562828	24598466	255,111,0
chr22	22183271	22183305	16428	chr22	21562828	22620607	22q11.2_recurrent_region_(distal_type_I,_D-E)	0	.	21562828	22620607	255,111,0
chr22	22183271	22183305	16428	chr22	21562828	23306924	22q11.2_recurrent_region_(distal_type_I,_D-F)	0	.	21562828	23306924	255,111,0
chr22	22183271	22183305	16428	chr22	21562828	24598466	22q11.2_recurrent_region_(distal_type_III,_D-H)_(includes_SMARCB1)	0	.	21562828	24598466	255,111,0
chr22	22217178	22217180	16429	chr22	21562828	22620607	22q11.2_recurrent_region_(distal_type_I,_D-E)	0	.	21562828	22620607	255,111,0
chr22	22217178	22217180	16429	chr22	21562828	23306924	22q11.2_recurrent_region_(distal_type_I,_D-F)	0	.	21562828	23306924	255,111,0
chr22	22217178	22217180	16429	chr22	21562828	24598466	22q11.2_recurrent_region_(distal_type_III,_D-H)_(includes_SMARCB1)	0	.	21562828	24598466	255,111,0
chr22	22563654	22567050	16430	chr22	21562828	22620607	22q11.2_recurrent_region_(distal_type_I,_D-E)	0	.	21562828	22620607	255,111,0
chr22	22563654	22567050	16430	chr22	21562828	23306924	22q11.2_recurrent_region_(distal_type_I,_D-F)	0	.	21562828	23306924	255,111,0
chr22	22563654	22567050	16430	chr22	21562828	24598466	22q11.2_recurrent_region_(distal_type_III,_D-H)_(includes_SMARCB1)	0	.	21562828	24598466	255,111,0
chr22	22580268	22586240	16431	chr22	21562828	22620607	22q11.2_recurrent_region_(distal_type_I,_D-E)	0	.	21562828	22620607	255,111,0
chr22	22580268	22586240	16431	chr22	21562828	23306924	22q11.2_recurrent_region_(distal_type_I,_D-F)	0	.	21562828	23306924	255,111,0
chr22	22580268	22586240	16431	chr22	21562828	24598466	22q11.2_recurrent_region_(distal_type_III,_D-H)_(includes_SMARCB1)	0	.	21562828	24598466	255,111,0
chr22	22823760	22823762	16432	chr22	21562828	23306924	22q11.2_recurrent_region_(distal_type_I,_D-F)	0	.	21562828	23306924	255,111,0
chr22	22823760	22823762	16432	chr22	22776924	23306924	22q11.2_recurrent_region_(distal_type_II,_E-F)	0	.	22776924	23306924	255,111,0
chr22	22823760	22823762	16432	chr22	21562828	24598466	22q11.2_recurrent_region_(distal_type_III,_D-H)_(includes_SMARCB1)	0	.	21562828	24598466	255,111,0
chr22	22881390	22893785	16433	chr22	21562828	23306924	22q11.2_recurrent_region_(distal_type_I,_D-F)	0	.	21562828	23306924	255,111,0
chr22	22881390	22893785	16433	chr22	22776924	23306924	22q11.2_recurrent_region_(distal_type_II,_E-F)	0	.	22776924	23306924	255,111,0
chr22	22881390	22893785	16433	chr22	21562828	24598466	22q11.2_recurrent_region_(distal_type_III,_D-H)_(includes_SMARCB1)	0	.	21562828	24598466	255,111,0
chr22	23136280	23137420	16434	chr22	21562828	23306924	22q11.2_recurrent_region_(distal_type_I,_D-F)	0	.	21562828	23306924	255,111,0
chr22	23136280	23137420	16434	chr22	22776924	23306924	22q11.2_recurrent_region_(distal_type_II,_E-F)	0	.	22776924	23306924	255,111,0
chr22	23136280	23137420	16434	chr22	21562828	24598466	22q11.2_recurrent_region_(distal_type_III,_D-H)_(includes_SMARCB1)	0	.	21562828	24598466	255,111,0
chr22	23156140	23156142	16435	chr22	21562828	23306924	22q11.2_recurrent_region_(distal_type_I,_D-F)	0	.	21562828	23306924	255,111,0
chr22	23156140	23156142	16435	chr22	22776924	23306924	22q11.2_recurrent_region_(distal_type_II,_E-F)	0	.	22776924	23306924	255,111,0
chr22	23156140	23156142	16435	chr22	21562828	24598466	22q11.2_recurrent_region_(distal_type_III,_D-H)_(includes_SMARCB1)	0	.	21562828	24598466	255,111,0
chr22	23180772	23180795	16436	chr22	21562828	23306924	22q11.2_recurrent_region_(distal_type_I,_D-F)	0	.	21562828	23306924	255,111,0
chr22	23180772	23180795	16436	chr22	22776924	23306924	22q11.2_recurrent_region_(distal_type_II,_E-F)	0	.	22776924	23306924	255,111,0
chr22	23180772	23180795	16436	chr22	21562828	24598466	22q11.2_recurrent_region_(distal_type_III,_D-H)_(includes_SMARCB1)	0	.	21562828	24598466	255,111,0
chr22	23236846	23236872	16437	chr22	21562828	23306924	22q11.2_recurrent_region_(distal_type_I,_D-F)	0	.	21562828	23306924	255,111,0
chr22	23236846	23236872	16437	chr22	22776924	23306924	22q11.2_recurrent_region_(distal_type_II,_E-F)	0	.	22776924	23306924	255,111,0
chr22	23236846	23236872	16437	chr22	21562828	24598466	22q11.2_recurrent_region_(distal_type_III,_D-H)_(includes_SMARCB1)	0	.	21562828	24598466	255,111,0
chr22	23453184	23454355	16438	chr22	23306925	23489014	BP-F_(BP-6)	0	.	23306925	23489014	0,0,0
chr22	23453184	23454355	16438	chr22	21562828	24598466	22q11.2_recurrent_region_(distal_type_III,_D-H)_(includes_SMARCB1)	0	.	21562828	24598466	255,111,0
chr22	23541955	23541957	16439	chr22	21562828	24598466	22q11.2_recurrent_region_(distal_type_III,_D-H)_(includes_SMARCB1)	0	.	21562828	24598466	255,111,0
chr22	23541955	23541957	16439	chr22	23489015	24236853	22q11.2_recurrent_region_(distal_type_III,_F-G)_(includes_SMARCB1)	0	.	23489015	24236853	255,111,0
chr22	23558580	23561044	16440	chr22	21562828	24598466	22q11.2_recurrent_region_(distal_type_III,_D-H)_(includes_SMARCB1)	0	.	21562828	24598466	255,111,0
chr22	23558580	23561044	16440	chr22	23489015	24236853	22q11.2_recurrent_region_(distal_type_III,_F-G)_(includes_SMARCB1)	0	.	23489015	24236853	255,111,0
chr22	23609637	23609655	16441	chr22	21562828	24598466	22q11.2_recurrent_region_(distal_type_III,_D-H)_(includes_SMARCB1)	0	.	21562828	24598466	255,111,0
chr22	23609637	23609655	16441	chr22	23489015	24236853	22q11.2_recurrent_region_(distal_type_III,_F-G)_(includes_SMARCB1)	0	.	23489015	24236853	255,111,0
chr22	23622517	23622519	16442	chr22	21562828	24598466	22q11.2_recurrent_region_(distal_type_III,_D-H)_(includes_SMARCB1)	0	.	21562828	24598466	255,111,0
chr22	23622517	23622519	16442	chr22	23489015	24236853	22q11.2_recurrent_region_(distal_type_III,_F-G)_(includes_SMARCB1)	0	.	23489015	24236853	255,111,0
chr22	23622664	23622724	16443	chr22	21562828	24598466	22q11.2_recurrent_region_(distal_type_III,_D-H)_(includes_SMARCB1)	0	.	21562828	24598466	255,111,0
chr22	23622664	23622724	16443	chr22	23489015	24236853	22q11.2_recurrent_region_(distal_type_III,_F-G)_(includes_SMARCB1)	0	.	23489015	24236853	255,111,0
chr22	23683429	23685352	16444	chr22	21562828	24598466	22q11.2_recurrent_region_(distal_type_III,_D-H)_(includes_SMARCB1)	0	.	21562828	24598466	255,111,0
chr22	23683429	23685352	16444	chr22	23489015	24236853	22q11.2_recurrent_region_(distal_type_III,_F-G)_(includes_SMARCB1)	0	.	23489015	24236853	255,111,0
chr22	23712694	23712767	16445	chr22	21562828	24598466	22q11.2_recurrent_region_(distal_type_III,_D-H)_(includes_SMARCB1)	0	.	21562828	24598466	255,111,0
chr22	23712694	23712767	16445	chr22	23489015	24236853	22q11.2_recurrent_region_(distal_type_III,_F-G)_(includes_SMARCB1)	0	.	23489015	24236853	255,111,0
chr22	23847045	23847047	16446	chr22	21562828	24598466	22q11.2_recurrent_region_(distal_type_III,_D-H)_(includes_SMARCB1)	0	.	21562828	24598466	255,111,0
chr22	23847045	23847047	16446	chr22	23489015	24236853	22q11.2_recurrent_region_(distal_type_III,_F-G)_(includes_SMARCB1)	0	.	23489015	24236853	255,111,0
chr22	23853745	23856319	16447	chr22	21562828	24598466	22q11.2_recurrent_region_(distal_type_III,_D-H)_(includes_SMARCB1)	0	.	21562828	24598466	255,111,0
chr22	23853745	23856319	16447	chr22	23489015	24236853	22q11.2_recurrent_region_(distal_type_III,_F-G)_(includes_SMARCB1)	0	.	23489015	24236853	255,111,0
chr22	23931954	23969109	16448	chr22	21562828	24598466	22q11.2_recurrent_region_(distal_type_III,_D-H)_(includes_SMARCB1)	0	.	21562828	24598466	255,111,0
chr22	23931954	23969109	16448	chr22	23489015	24236853	22q11.2_recurrent_region_(distal_type_III,_F-G)_(includes_SMARCB1)	0	.	23489015	24236853	255,111,0
chr22	23970238	23970260	16449	chr22	21562828	24598466	22q11.2_recurrent_region_(distal_type_III,_D-H)_(includes_SMARCB1)	0	.	21562828	24598466	255,111,0
chr22	23970238	23970260	16449	chr22	23489015	24236853	22q11.2_recurrent_region_(distal_type_III,_F-G)_(includes_SMARCB1)	0	.	23489015	24236853	255,111,0
chr22	24227220	24227222	16450	chr22	21562828	24598466	22q11.2_recurrent_region_(distal_type_III,_D-H)_(includes_SMARCB1)	0	.	21562828	24598466	255,111,0
chr22	24227220	24227222	16450	chr22	23489015	24236853	22q11.2_recurrent_region_(distal_type_III,_F-G)_(includes_SMARCB1)	0	.	23489015	24236853	255,111,0
chr22	24660249	24661123	16451	chr22	24598467	24693136	BP-H_(BP-8)	0	.	24598467	24693136	0,0,0
chrX	7120111	7120130	16719	chrX	6537771	8156913	Xp22.31_recurrent_region_(includes_STS)	0	.	6537771	8156913	255,111,0
chrX	7716240	7716242	16720	chrX	6537771	8156913	Xp22.31_recurrent_region_(includes_STS)	0	.	6537771	8156913	255,111,0
chrX	7931966	7931984	16721	chrX	6537771	8156913	Xp22.31_recurrent_region_(includes_STS)	0	.	6537771	8156913	255,111,0
chrX	48343912	48343951	16854	chrX	48103983	48447779	D-REP	0	.	48103983	48447779	0,0,0
chrX	48642115	48644542	16855	chrX	48447780	52444264	Xp11.22p11.23_recurrent_region_(includes_SHROOM4)	0	.	48447780	52444264	255,111,0
chrX	49017567	49018675	16856	chrX	48447780	52444264	Xp11.22p11.23_recurrent_region_(includes_SHROOM4)	0	.	48447780	52444264	255,111,0
chrX	49617370	49621230	16857	chrX	48447780	52444264	Xp11.22p11.23_recurrent_region_(includes_SHROOM4)	0	.	48447780	52444264	255,111,0
chrX	49628272	49628311	16858	chrX	48447780	52444264	Xp11.22p11.23_recurrent_region_(includes_SHROOM4)	0	.	48447780	52444264	255,111,0
chrX	49966576	49968963	16859	chrX	48447780	52444264	Xp11.22p11.23_recurrent_region_(includes_SHROOM4)	0	.	48447780	52444264	255,111,0
chrX	50464321	50464338	16860	chrX	48447780	52444264	Xp11.22p11.23_recurrent_region_(includes_SHROOM4)	0	.	48447780	52444264	255,111,0
chrX	50691514	50691516	16861	chrX	48447780	52444264	Xp11.22p11.23_recurrent_region_(includes_SHROOM4)	0	.	48447780	52444264	255,111,0
chrX	50879364	50879366	16862	chrX	48447780	52444264	Xp11.22p11.23_recurrent_region_(includes_SHROOM4)	0	.	48447780	52444264	255,111,0
chrX	51409475	51409477	16863	chrX	48447780	52444264	Xp11.22p11.23_recurrent_region_(includes_SHROOM4)	0	.	48447780	52444264	255,111,0
chrX	51985935	51985952	16864	chrX	48447780	52444264	Xp11.22p11.23_recurrent_region_(includes_SHROOM4)	0	.	48447780	52444264	255,111,0
chrX	52357759	52357805	16865	chrX	48447780	52444264	Xp11.22p11.23_recurrent_region_(includes_SHROOM4)	0	.	48447780	52444264	255,111,0
chrX	52620055	52620074	16866	chrX	52444265	52976820	P-REP	0	.	52444265	52976820	0,0,0
chrX	155075290	155075292	17143	chrX	154890328	155335092	Xq28_recurrent_region_(int22h1/int22h2-flanked)_(includes_RAB39B)	0	.	154890328	155335092	255,111,0
chrX	155324674	155327650	17144	chrX	154890328	155335092	Xq28_recurrent_region_(int22h1/int22h2-flanked)_(includes_RAB39B)	0	.	154890328	155335092	255,111,0
