chr1	145865767	145865769	704	chr1	145822587	146064587	Pathogenic	Radial aplasia-thrombocytopenia syndrome
chr1	145889715	145889717	705	chr1	145822587	146064587	Pathogenic	Radial aplasia-thrombocytopenia syndrome
chr6	65362515	65362536	6713	chr6	65331371	65405465	Likely pathogenic	Retinitis pigmentosa 25
chr6	65364037	65371543	6714	chr6	65331371	65405465	Likely pathogenic	Retinitis pigmentosa 25
chr17	36893224	36893658	14625	chr17	36486532	37745203	Pathogenic	Chromosome 17q12 deletion syndrome
chr17	36989995	36989997	14626	chr17	36486532	37745203	Pathogenic	Chromosome 17q12 deletion syndrome
chr17	37380858	37381891	14627	chr17	36486532	37745203	Pathogenic	Chromosome 17q12 deletion syndrome
chr17	37418844	37422301	14628	chr17	36486532	37745203	Pathogenic	Chromosome 17q12 deletion syndrome
chr17	37678361	37678414	14629	chr17	36486532	37745203	Pathogenic	Chromosome 17q12 deletion syndrome
chr17	37724296	37724322	14630	chr17	36486532	37745203	Pathogenic	Chromosome 17q12 deletion syndrome
chr22	18990061	18990128	16402	chr22	18985739	21081116	Pathogenic	DiGeorge syndrome
chr22	19034864	19034884	16403	chr22	18985739	21081116	Pathogenic	DiGeorge syndrome
chr22	19112416	19113113	16404	chr22	18985739	21081116	Pathogenic	DiGeorge syndrome
chr22	19257694	19257728	16405	chr22	18985739	21081116	Pathogenic	DiGeorge syndrome
chr22	19260391	19260580	16406	chr22	18985739	21081116	Pathogenic	DiGeorge syndrome
chr22	19275927	19275953	16407	chr22	18985739	21081116	Pathogenic	DiGeorge syndrome
chr22	19478567	19478586	16408	chr22	18985739	21081116	Pathogenic	DiGeorge syndrome
chr22	19561239	19561241	16409	chr22	18985739	21081116	Pathogenic	DiGeorge syndrome
chr22	19624270	19624289	16410	chr22	18985739	21081116	Pathogenic	DiGeorge syndrome
chr22	19627712	19627732	16411	chr22	18985739	21081116	Pathogenic	DiGeorge syndrome
chr22	19635479	19635481	16412	chr22	18985739	21081116	Pathogenic	DiGeorge syndrome
chr22	19781974	19781976	16413	chr22	18985739	21081116	Pathogenic	DiGeorge syndrome
chr22	19925047	19925890	16414	chr22	18985739	21081116	Pathogenic	DiGeorge syndrome
chr22	20108790	20108792	16415	chr22	18985739	21081116	Pathogenic	DiGeorge syndrome
chr22	20355898	20361523	16416	chr22	18985739	21081116	Pathogenic	DiGeorge syndrome
chr22	20398909	20398926	16417	chr22	18985739	21081116	Pathogenic	DiGeorge syndrome
chr22	20596334	20599553	16418	chr22	18985739	21081116	Pathogenic	DiGeorge syndrome
chr22	20640999	20641001	16419	chr22	18985739	21081116	Pathogenic	DiGeorge syndrome
chr22	20649057	20649059	16420	chr22	18985739	21081116	Pathogenic	DiGeorge syndrome
chr22	20976158	20976180	16421	chr22	18985739	21081116	Pathogenic	DiGeorge syndrome
chrX	38279695	38279723	16833	chrX	38269073	38287133	Pathogenic	Retinitis pigmentosa 3
