chr1	1852136	1852138	11	chr1	1785285	1891087	GNB1	0
chr1	3697145	3697183	29	chr1	3652515	3736201	TP73	0
chr1	6435320	6435337	58	chr1	6424775	6461370	ESPN	0
chr1	6477751	6477753	59	chr1	6467121	6520092	PLEKHG5	0
chr1	6798593	6798773	60	chr1	6785453	7769706	CAMTA1	0
chr1	6852985	6852987	61	chr1	6785453	7769706	CAMTA1	0
chr1	6897472	6897474	62	chr1	6785453	7769706	CAMTA1	0
chr1	6900315	6900317	63	chr1	6785453	7769706	CAMTA1	0
chr1	7227935	7227937	64	chr1	6785453	7769706	CAMTA1	0
chr1	7499350	7500095	65	chr1	6785453	7769706	CAMTA1	0
chr1	7510012	7511464	66	chr1	6785453	7769706	CAMTA1	0
chr1	7629868	7629885	67	chr1	6785453	7769706	CAMTA1	0
chr1	7642948	7643211	68	chr1	6785453	7769706	CAMTA1	0
chr1	10681874	10681897	83	chr1	10636603	10796646	CASZ1	0
chr1	11679560	11679624	93	chr1	11674479	11691830	MAD2L2	0
chr1	32786497	32786522	223	chr1	32775238	32817358	YARS1	0
chr1	41561738	41561740	264	chr1	41506364	42035934	HIVEP3	0
chr1	61270362	61270364	358	chr1	61077226	61462788	NFIA	0
chr1	62541131	62541160	367	chr1	62454725	62688386	DOCK7	0
chr1	65378278	65378280	382	chr1	65264748	65415871	DNAJC6	0
chr1	91322884	91322906	531	chr1	91260765	91408007	HFM1	0
chr1	92483342	92483364	541	chr1	92473042	92486925	GFI1	0
chr1	97221305	97221307	565	chr1	97077742	97921059	DPYD	0
chr1	108908737	108908739	635	chr1	108876984	108934545	GPSM2	0
chr1	151446778	151446797	717	chr1	151402723	151459494	POGZ	0
chr1	151451166	151453541	718	chr1	151402723	151459494	POGZ	0
chr1	153836568	153836570	734	chr1	153804724	153922972	GATAD2B	0
chr1	161334717	161334719	777	chr1	161314380	161363206	SDHC	0
chr1	183589747	183589769	891	chr1	183555561	183601849	NCF2	0
chr1	210707055	210707077	1041	chr1	210678313	211134148	KCNH1	0
chr1	211128580	211128604	1042	chr1	210678313	211134148	KCNH1	0
chr1	222951467	222951469	1115	chr1	222815038	223005995	DISP1	0
chr1	231756515	231756541	1178	chr1	231626789	232041272	DISC1	0
chr1	231804502	231804504	1179	chr1	231626789	232041272	DISC1	0
chr1	231844791	231846089	1180	chr1	231626789	232041272	DISC1	0
chr1	235373787	235375012	1203	chr1	235367426	235452443	TBCE	0
chr1	237082523	237082549	1213	chr1	237042183	237833988	RYR2	0
chr1	237138015	237138017	1214	chr1	237042183	237833988	RYR2	0
chr1	237347755	237347777	1215	chr1	237042183	237833988	RYR2	0
chr1	237474275	237474297	1216	chr1	237042183	237833988	RYR2	0
chr1	237760813	237760815	1217	chr1	237042183	237833988	RYR2	0
chr1	239699249	239699266	1229	chr1	239386567	239915450	CHRM3	0
chr1	239874284	239874316	1230	chr1	239386567	239915450	CHRM3	0
chr1	243619443	243620458	1257	chr1	243488232	243851079	AKT3	0
chr1	243815775	243815777	1258	chr1	243488232	243851079	AKT3	0
chr2	1948695	1948697	1312	chr2	1789112	2331275	MYT1L	0
chr2	2137810	2137812	1313	chr2	1789112	2331275	MYT1L	0
chr2	2216071	2216073	1314	chr2	1789112	2331275	MYT1L	0
chr2	19915096	19915123	1412	chr2	19910262	19990105	WDR35	0
chr2	29232034	29232036	1460	chr2	29192773	29921586	ALK	0
chr2	29293843	29293845	1461	chr2	29192773	29921586	ALK	0
chr2	29559706	29559708	1462	chr2	29192773	29921586	ALK	0
chr2	29623480	29623482	1463	chr2	29192773	29921586	ALK	0
chr2	29624134	29624136	1464	chr2	29192773	29921586	ALK	0
chr2	29737549	29737570	1465	chr2	29192773	29921586	ALK	0
chr2	31343443	31343481	1477	chr2	31334320	31414742	XDH	0
chr2	31531560	31531562	1478	chr2	31522479	31663009	SRD5A2	0
chr2	46925512	46931758	1594	chr2	46901869	46941855	MCFD2	0
chr2	46925512	46931758	1594	chr2	46915865	47076123	TTC7A	0
chr2	47415793	47415820	1596	chr2	47403066	47709830	MSH2	0
chr2	47589608	47589636	1597	chr2	47403066	47709830	MSH2	0
chr2	50133276	50133278	1611	chr2	49918502	51032132	NRXN1	0
chr2	50997408	50998405	1612	chr2	49918502	51032132	NRXN1	0
chr2	60467160	60468026	1674	chr2	60450519	60553924	BCL11A	0
chr2	63184875	63184877	1682	chr2	63119558	63840826	WDPCP	0
chr2	63416495	63416497	1683	chr2	63119558	63840826	WDPCP	0
chr2	63688522	63688524	1684	chr2	63119558	63840826	WDPCP	0
chr2	71115414	71120756	1731	chr2	71109686	71130229	MCEE	0
chr2	73423576	73423578	1745	chr2	73385757	73609919	ALMS1	0
chr2	73432465	73433334	1746	chr2	73385757	73609919	ALMS1	0
chr2	73570644	73570646	1747	chr2	73385757	73609919	ALMS1	0
chr2	120936323	120936342	1988	chr2	120735867	120992653	GLI2	0
chr2	121398691	121398712	1994	chr2	121337775	121649462	CLASP1	0
chr2	121508579	121514327	1995	chr2	121337775	121649462	CLASP1	0
chr2	124037478	124037480	2014	chr2	124025286	124921219	CNTNAP5	0
chr2	124304463	124304465	2015	chr2	124025286	124921219	CNTNAP5	0
chr2	124465356	124465393	2016	chr2	124025286	124921219	CNTNAP5	0
chr2	124570561	124570563	2017	chr2	124025286	124921219	CNTNAP5	0
chr2	124636898	124636900	2018	chr2	124025286	124921219	CNTNAP5	0
chr2	124653629	124653689	2019	chr2	124025286	124921219	CNTNAP5	0
chr2	124871276	124871278	2020	chr2	124025286	124921219	CNTNAP5	0
chr2	130902483	130902731	2057	chr2	130836913	131047253	ARHGEF4	0
chr2	144385258	144385260	2137	chr2	144384080	144520119	ZEB2	0
chr2	148213752	148213774	2157	chr2	148020926	148516971	MBD5	0
chr2	148366300	148366302	2158	chr2	148020926	148516971	MBD5	0
chr2	161637056	161637114	2227	chr2	161624415	161985270	SLC4A10	0
chr2	165905865	165905882	2245	chr2	165873361	165953776	TTC21B	0
chr2	166049123	166049200	2247	chr2	165984640	166149161	SCN1A	0
chr2	166094801	166094803	2248	chr2	165984640	166149161	SCN1A	0
chr2	169017127	169017129	2266	chr2	168915389	169031324	ABCB11	0
chr2	199447731	199447957	2418	chr2	199269499	199471266	SATB2	0
chr2	202430730	202448168	2430	chr2	202376326	202567749	BMPR2	0
chr2	209821129	209821163	2476	chr2	209771831	209999296	UNC80	0
chr2	209955709	209955753	2477	chr2	209771831	209999296	UNC80	0
chr2	211425425	211425427	2483	chr2	211375716	212538802	ERBB4	0
chr2	211426124	211426126	2484	chr2	211375716	212538802	ERBB4	0
chr2	211458086	211458088	2485	chr2	211375716	212538802	ERBB4	0
chr2	211460103	211460105	2486	chr2	211375716	212538802	ERBB4	0
chr2	211557631	211557663	2487	chr2	211375716	212538802	ERBB4	0
chr2	211763896	211763898	2488	chr2	211375716	212538802	ERBB4	0
chr2	211906512	211910432	2489	chr2	211375716	212538802	ERBB4	0
chr2	212101344	212101346	2490	chr2	211375716	212538802	ERBB4	0
chr2	212140360	212140390	2491	chr2	211375716	212538802	ERBB4	0
chr2	212271161	212271179	2492	chr2	211375716	212538802	ERBB4	0
chr2	212510204	212510222	2493	chr2	211375716	212538802	ERBB4	0
chr2	212511819	212511821	2494	chr2	211375716	212538802	ERBB4	0
chr2	214780777	214780800	2508	chr2	214725645	214809683	BARD1	0
chr2	227211648	227211650	2578	chr2	227164623	227314792	COL4A3	0
chr2	232172718	232172738	2603	chr2	231961712	232344350	DIS3L2	0
chr2	232222306	232222308	2604	chr2	231961712	232344350	DIS3L2	0
chr2	238880658	238880778	2656	chr2	238848084	238910534	TWIST2	0
chr2	239079894	239080192	2660	chr2	239048167	239401649	HDAC4	0
chr2	239236832	239236834	2661	chr2	239048167	239401649	HDAC4	0
chr2	239346545	239346571	2662	chr2	239048167	239401649	HDAC4	0
chr2	239366782	239367058	2663	chr2	239048167	239401649	HDAC4	0
chr2	239391902	239391919	2664	chr2	239048167	239401649	HDAC4	0
chr2	239914560	239915156	2667	chr2	239892441	240025342	NDUFA10	0
chr3	1161238	1161276	2690	chr3	1093023	1404217	CNTN6	0
chr3	1250910	1250931	2691	chr3	1093023	1404217	CNTN6	0
chr3	1323888	1325023	2692	chr3	1093023	1404217	CNTN6	0
chr3	1389564	1389566	2693	chr3	1093023	1404217	CNTN6	0
chr3	2120342	2120387	2701	chr3	2098865	3057959	CNTN4	0
chr3	2269901	2270251	2702	chr3	2098865	3057959	CNTN4	0
chr3	2427647	2428009	2703	chr3	2098865	3057959	CNTN4	0
chr3	2778303	2778305	2704	chr3	2098865	3057959	CNTN4	0
chr3	2980333	2980428	2705	chr3	2098865	3057959	CNTN4	0
chr3	4039208	4039651	2715	chr3	4034485	4467269	SUMF1	0
chr3	4064270	4064272	2716	chr3	4034485	4467269	SUMF1	0
chr3	4382777	4382794	2717	chr3	4034485	4467269	SUMF1	0
chr3	4701747	4701769	2718	chr3	4493347	4847506	ITPR1	0
chr3	9447503	9447526	2764	chr3	9397614	9478154	SETD5	0
chr3	10148383	10149183	2768	chr3	10141777	10153667	VHL	0
chr3	17393027	17393029	2813	chr3	17157161	17742631	TBC1D5	0
chr3	17499383	17504189	2814	chr3	17157161	17742631	TBC1D5	0
chr3	17533888	17533890	2815	chr3	17157161	17742631	TBC1D5	0
chr3	17678568	17683528	2816	chr3	17157161	17742631	TBC1D5	0
chr3	38616975	38616977	2946	chr3	38548061	38649687	SCN5A	0
chr3	58095228	58095230	3036	chr3	58008421	58172251	FLNB	0
chr3	59751050	59751052	3047	chr3	59747276	61251452	FHIT	0
chr3	59754947	59754974	3048	chr3	59747276	61251452	FHIT	0
chr3	59755139	59755141	3049	chr3	59747276	61251452	FHIT	0
chr3	59757786	59757828	3050	chr3	59747276	61251452	FHIT	0
chr3	59801299	59801367	3051	chr3	59747276	61251452	FHIT	0
chr3	59866270	59866304	3052	chr3	59747276	61251452	FHIT	0
chr3	60354611	60354633	3053	chr3	59747276	61251452	FHIT	0
chr3	60450191	60450193	3054	chr3	59747276	61251452	FHIT	0
chr3	60699584	60699707	3055	chr3	59747276	61251452	FHIT	0
chr3	60831617	60831619	3056	chr3	59747276	61251452	FHIT	0
chr3	60992841	60992859	3057	chr3	59747276	61251452	FHIT	0
chr3	60993490	60993507	3058	chr3	59747276	61251452	FHIT	0
chr3	61172716	61172766	3059	chr3	59747276	61251452	FHIT	0
chr3	61183317	61183319	3060	chr3	59747276	61251452	FHIT	0
chr3	61223865	61223867	3061	chr3	59747276	61251452	FHIT	0
chr3	69832936	69833019	3120	chr3	69739463	69968332	MITF	0
chr3	69964322	69964737	3121	chr3	69739463	69968332	MITF	0
chr3	71306496	71306514	3124	chr3	70954707	71583978	FOXP1	0
chr3	71318647	71318649	3125	chr3	70954707	71583978	FOXP1	0
chr3	78637061	78637110	3163	chr3	78597238	79767998	ROBO1	0
chr3	78638204	78638272	3164	chr3	78597238	79767998	ROBO1	0
chr3	78730267	78730569	3165	chr3	78597238	79767998	ROBO1	0
chr3	78816340	78816365	3166	chr3	78597238	79767998	ROBO1	0
chr3	78832015	78832017	3167	chr3	78597238	79767998	ROBO1	0
chr3	79234021	79234040	3168	chr3	78597238	79767998	ROBO1	0
chr3	79295595	79295690	3169	chr3	78597238	79767998	ROBO1	0
chr3	79612332	79612352	3170	chr3	78597238	79767998	ROBO1	0
chr3	79734730	79734791	3171	chr3	78597238	79767998	ROBO1	0
chr3	79760751	79760820	3172	chr3	78597238	79767998	ROBO1	0
chr3	97781299	97781352	3274	chr3	97764520	97801242	ARL6	0
chr3	108931214	108931216	3352	chr3	108907791	108955195	GUCA1C	0
chr3	130441543	130441570	3464	chr3	130345671	130484846	COL6A5	0
chr3	158675156	158675173	3644	chr3	158644526	158695581	GFM1	0
chr3	173746527	173746529	3728	chr3	173395951	174294372	NLGN1	0
chr3	173771637	173771639	3729	chr3	173395951	174294372	NLGN1	0
chr3	173833562	173833589	3730	chr3	173395951	174294372	NLGN1	0
chr3	174105675	174105677	3731	chr3	173395951	174294372	NLGN1	0
chr3	174201547	174201549	3732	chr3	173395951	174294372	NLGN1	0
chr3	174453375	174453377	3733	chr3	174440981	175810548	NAALADL2	0
chr3	174495685	174495687	3734	chr3	174440981	175810548	NAALADL2	0
chr3	174510697	174510721	3735	chr3	174440981	175810548	NAALADL2	0
chr3	174698579	174698888	3736	chr3	174440981	175810548	NAALADL2	0
chr3	174813349	174813351	3737	chr3	174440981	175810548	NAALADL2	0
chr3	174879034	174879053	3738	chr3	174440981	175810548	NAALADL2	0
chr3	174897813	174898145	3739	chr3	174440981	175810548	NAALADL2	0
chr3	175296091	175296093	3740	chr3	174440981	175810548	NAALADL2	0
chr3	175623288	175623322	3741	chr3	174440981	175810548	NAALADL2	0
chr3	175800345	175800347	3742	chr3	174440981	175810548	NAALADL2	0
chr3	177028268	177028286	3751	chr3	177019343	177201800	TBL1XR1	1
chr3	179174344	179174362	3771	chr3	179148125	179240093	PIK3CA	0
chr3	189607110	189607135	3828	chr3	189596745	189897276	TP63	0
chr3	189645630	189653111	3829	chr3	189596745	189897276	TP63	0
chr3	189675944	189675946	3830	chr3	189596745	189897276	TP63	0
chr3	189837450	189837452	3831	chr3	189596745	189897276	TP63	0
chr3	192171985	192172004	3847	chr3	192139389	192727541	FGF12	1
chr3	192317565	192317584	3848	chr3	192139389	192727541	FGF12	1
chr3	192341914	192341916	3849	chr3	192139389	192727541	FGF12	1
chr3	192404984	192405674	3850	chr3	192139389	192727541	FGF12	1
chr3	192407721	192407723	3851	chr3	192139389	192727541	FGF12	1
chr4	1025761	1025790	3898	chr4	1010211	1026898	FGFRL1	0
chr4	1823313	1823348	3908	chr4	1811478	1856156	LETM1	0
chr4	10654388	10654390	3972	chr4	10486394	10734846	CLNK	0
chr4	15573333	15573360	3996	chr4	15469864	15601557	CC2D2A	0
chr4	42903147	42903837	4170	chr4	42892712	43030658	GRXCR1	0
chr4	42987210	42987254	4171	chr4	42892712	43030658	GRXCR1	0
chr4	54711647	54711724	4203	chr4	54657956	54740715	KIT	0
chr4	99584629	99584631	4516	chr4	99564129	99623997	MTTP	0
chr4	110638294	110638356	4591	chr4	110617422	110642123	PITX2	0
chr4	112878154	112878156	4598	chr4	112705621	113383736	ANK2	0
chr4	113208033	113209921	4599	chr4	112705621	113383736	ANK2	0
chr4	113213935	113214422	4600	chr4	112705621	113383736	ANK2	0
chr4	148088558	148088589	4815	chr4	148078763	148445508	NR3C2	0
chr4	148351062	148351084	4816	chr4	148078763	148445508	NR3C2	0
chr4	169406159	169406161	4964	chr4	169392808	169612583	NEK1	0
chr4	169459881	169459900	4965	chr4	169392808	169612583	NEK1	0
chr5	1276653	1276708	5134	chr5	1253166	1295068	TERT	0
chr5	11346926	11346951	5219	chr5	10971835	11904446	CTNND2	0
chr5	11433205	11433239	5220	chr5	10971835	11904446	CTNND2	0
chr5	11593184	11593205	5221	chr5	10971835	11904446	CTNND2	0
chr5	11623788	11623838	5222	chr5	10971835	11904446	CTNND2	0
chr5	13719657	13719659	5235	chr5	13690327	14011818	DNAH5	0
chr5	13829897	13829929	5236	chr5	13690327	14011818	DNAH5	0
chr5	13855190	13855507	5237	chr5	13690327	14011818	DNAH5	0
chr5	14008290	14008292	5238	chr5	13690327	14011818	DNAH5	0
chr5	14425547	14425567	5240	chr5	14143341	14510204	TRIO	0
chr5	14856621	14856623	5241	chr5	14704799	14871778	ANKH	0
chr5	16512906	16512930	5247	chr5	16473052	16616997	RETREG1	0
chr5	16601345	16601370	5248	chr5	16473052	16616997	RETREG1	0
chr5	56845531	56845533	5515	chr5	56815548	56896152	MAP3K1	0
chr5	59318566	59318586	5528	chr5	58969037	60522128	PDE4D	0
chr5	59401477	59401479	5529	chr5	58969037	60522128	PDE4D	0
chr5	59475182	59475184	5530	chr5	58969037	60522128	PDE4D	0
chr5	59596781	59596802	5531	chr5	58969037	60522128	PDE4D	0
chr5	59604104	59604134	5532	chr5	58969037	60522128	PDE4D	0
chr5	59732898	59732900	5533	chr5	58969037	60522128	PDE4D	0
chr5	59857559	59857576	5534	chr5	58969037	60522128	PDE4D	0
chr5	60097264	60097266	5535	chr5	58969037	60522128	PDE4D	0
chr5	60114940	60114966	5536	chr5	58969037	60522128	PDE4D	0
chr5	60120264	60120281	5537	chr5	58969037	60522128	PDE4D	0
chr5	60141325	60141347	5538	chr5	58969037	60522128	PDE4D	0
chr5	60341609	60341627	5539	chr5	58969037	60522128	PDE4D	0
chr5	60978257	60978276	5542	chr5	60945204	61153026	NDUFAF2	0
chr5	69428214	69428668	5577	chr5	69415115	69444330	MARVELD2	0
chr5	87363152	87363181	5686	chr5	87267882	87391916	RASA1	0
chr5	90564603	90564926	5700	chr5	90558796	91164437	ADGRV1	0
chr5	90706471	90706754	5701	chr5	90558796	91164437	ADGRV1	0
chr5	112824744	112824767	5846	chr5	112707497	112846239	APC	0
chr5	119500331	119500350	5896	chr5	119452496	119542332	HSD17B4	0
chr5	128303507	128303525	5965	chr5	128257908	128538245	FBN2	0
chr5	128441033	128442615	5966	chr5	128257908	128538245	FBN2	0
chr5	138840714	138840716	6018	chr5	138753424	138935034	CTNNA1	0
chr5	138852860	138852862	6019	chr5	138753424	138935034	CTNNA1	0
chr5	150284952	150284972	6086	chr5	150219490	150290130	CAMK2A	0
chr5	162125400	162125539	6140	chr5	162067464	162155539	GABRG2	0
chr6	3145178	3146293	6287	chr6	3118375	3153578	BPHL	0
chr6	5450684	5450701	6298	chr6	5249933	5771583	FARS2	0
chr6	5534843	5534845	6299	chr6	5249933	5771583	FARS2	0
chr6	5576633	5576635	6300	chr6	5249933	5771583	FARS2	0
chr6	5656561	5656563	6301	chr6	5249933	5771583	FARS2	0
chr6	5717928	5717930	6302	chr6	5249933	5771583	FARS2	0
chr6	15256593	15256611	6365	chr6	15246068	15522042	JARID2	0
chr6	15279091	15279169	6366	chr6	15246068	15522042	JARID2	0
chr6	15484490	15484515	6367	chr6	15246068	15522042	JARID2	0
chr6	71890404	71890406	6766	chr6	71886549	72403145	RIMS1	0
chr6	71947099	71947101	6767	chr6	71886549	72403145	RIMS1	0
chr6	71957457	71957927	6768	chr6	71886549	72403145	RIMS1	0
chr6	71962931	71962954	6769	chr6	71886549	72403145	RIMS1	0
chr6	72154149	72163835	6770	chr6	71886549	72403145	RIMS1	0
chr6	72358035	72358094	6771	chr6	71886549	72403145	RIMS1	0
chr6	79043267	79043269	6816	chr6	78934418	79078254	PHIP	0
chr6	83150389	83150391	6843	chr6	83148704	83193900	PGM3	0
chr6	87576042	87576520	6866	chr6	87513937	87589987	RARS2	0
chr6	101486687	101491152	6942	chr6	101393707	102070083	GRIK2	0
chr6	101516877	101516896	6943	chr6	101393707	102070083	GRIK2	0
chr6	101868015	101868017	6944	chr6	101393707	102070083	GRIK2	0
chr6	102043792	102043794	6945	chr6	101393707	102070083	GRIK2	0
chr6	107564578	107564580	6982	chr6	107490116	107661306	SOBP	0
chr6	129205492	129205512	7083	chr6	128883137	129516566	LAMA2	0
chr6	129293688	129293710	7084	chr6	128883137	129516566	LAMA2	0
chr6	129390166	129390187	7085	chr6	128883137	129516566	LAMA2	0
chr6	129439823	129439841	7086	chr6	128883137	129516566	LAMA2	0
chr6	133294022	133294052	7107	chr6	133240592	133532128	EYA4	0
chr6	133311568	133311570	7108	chr6	133240592	133532128	EYA4	0
chr6	133502723	133502805	7109	chr6	133240592	133532128	EYA4	0
chr6	135328481	135328504	7119	chr6	135283531	135497740	AHI1	0
chr6	142834958	142834977	7158	chr6	142751468	142946365	HIVEP2	0
chr6	142856251	142856253	7159	chr6	142751468	142946365	HIVEP2	0
chr6	145384329	145385385	7170	chr6	145383352	145736023	EPM2A	0
chr6	145447523	145447547	7171	chr6	145383352	145736023	EPM2A	0
chr6	145558746	145558748	7172	chr6	145383352	145736023	EPM2A	0
chr6	149311641	149311809	7191	chr6	149217925	149411607	TAB2	0
chr6	149320500	149320524	7192	chr6	149217925	149411607	TAB2	0
chr6	156795114	156795116	7254	chr6	156776025	157210779	ARID1B	0
chr6	156845086	156845088	7255	chr6	156776025	157210779	ARID1B	0
chr6	156856801	156856803	7256	chr6	156776025	157210779	ARID1B	0
chr6	156932418	156932420	7257	chr6	156776025	157210779	ARID1B	0
chr6	158193203	158193205	7264	chr6	158168349	158199344	GTF2H5	0
chr6	161761344	161761346	7289	chr6	161347416	162727766	PRKN	0
chr6	161788653	161788655	7290	chr6	161347416	162727766	PRKN	0
chr6	161963896	161966405	7291	chr6	161347416	162727766	PRKN	0
chr6	162063611	162063637	7292	chr6	161347416	162727766	PRKN	0
chr6	162275253	162275292	7293	chr6	161347416	162727766	PRKN	0
chr6	162281914	162281933	7294	chr6	161347416	162727766	PRKN	0
chr6	162304067	162304880	7295	chr6	161347416	162727766	PRKN	0
chr6	162307844	162307864	7296	chr6	161347416	162727766	PRKN	0
chr6	162309635	162309637	7297	chr6	161347416	162727766	PRKN	0
chr6	162325138	162325140	7298	chr6	161347416	162727766	PRKN	0
chr6	162431187	162431262	7299	chr6	161347416	162727766	PRKN	0
chr6	162472989	162473008	7300	chr6	161347416	162727766	PRKN	0
chr6	162532169	162532171	7301	chr6	161347416	162727766	PRKN	0
chr6	162600892	162600912	7302	chr6	161347416	162727766	PRKN	0
chr6	162601320	162601322	7303	chr6	161347416	162727766	PRKN	0
chr6	162668503	162668531	7304	chr6	161347416	162727766	PRKN	0
chr6	168540551	168540553	7354	chr6	168441183	168667992	SMOC2	0
chr6	168610756	168610783	7355	chr6	168441183	168667992	SMOC2	0
chr7	5530468	5530492	7413	chr7	5527147	5530601	ACTB	0
chr7	21548087	21548210	7510	chr7	21543038	21901839	DNAH11	0
chr7	21871818	21871838	7511	chr7	21543038	21901839	DNAH11	0
chr7	21886661	21886663	7512	chr7	21543038	21901839	DNAH11	0
chr7	30011534	30011598	7567	chr7	30005922	30026702	FKBP14	0
chr7	39957311	39957313	7633	chr7	39950255	40099580	CDK13	0
chr7	42116822	42116849	7637	chr7	41960948	42264268	GLI3	0
chr7	42132244	42132246	7638	chr7	41960948	42264268	GLI3	0
chr7	50659592	50659609	7680	chr7	50590067	50793453	GRB10	0
chr7	55067161	55067191	7730	chr7	55019016	55211628	EGFR	0
chr7	55067257	55068165	7731	chr7	55019016	55211628	EGFR	0
chr7	55187303	55187305	7732	chr7	55019016	55211628	EGFR	0
chr7	55203221	55203248	7733	chr7	55019016	55211628	EGFR	0
chr7	69912317	69912348	7821	chr7	69598474	70793506	AUTS2	0
chr7	70177812	70177814	7822	chr7	69598474	70793506	AUTS2	0
chr7	70363321	70363481	7823	chr7	69598474	70793506	AUTS2	0
chr7	70426880	70426882	7824	chr7	69598474	70793506	AUTS2	0
chr7	70477894	70477896	7825	chr7	69598474	70793506	AUTS2	0
chr7	70586425	70586427	7826	chr7	69598474	70793506	AUTS2	0
chr7	70644134	70645615	7827	chr7	69598474	70793506	AUTS2	0
chr7	70757902	70757904	7828	chr7	69598474	70793506	AUTS2	0
chr7	74567690	74569043	7842	chr7	74453905	74602605	GTF2IRD1	0
chr7	84143518	84143561	7905	chr7	83955776	84492725	SEMA3A	0
chr7	84176066	84176092	7906	chr7	83955776	84492725	SEMA3A	0
chr7	84208395	84208422	7907	chr7	83955776	84492725	SEMA3A	0
chr7	84312735	84312761	7908	chr7	83955776	84492725	SEMA3A	0
chr7	84325116	84325138	7909	chr7	83955776	84492725	SEMA3A	0
chr7	84333873	84333875	7910	chr7	83955776	84492725	SEMA3A	0
chr7	94421771	94421811	7958	chr7	94394894	94431227	COL1A2	0
chr7	96487065	96488084	7964	chr7	96481625	96709846	SEM1	0
chr7	99863765	99865940	7985	chr7	99828012	99866093	CYP3A43	0
chr7	103496169	103496188	8006	chr7	103471788	103989658	RELN	0
chr7	103548986	103548988	8007	chr7	103471788	103989658	RELN	0
chr7	103593525	103593527	8008	chr7	103471788	103989658	RELN	0
chr7	103971848	103971886	8009	chr7	103471788	103989658	RELN	0
chr7	110896479	110896658	8052	chr7	110662643	111562492	IMMP2L	0
chr7	114305925	114305953	8061	chr7	114086326	114693765	FOXP2	0
chr7	122645256	122645462	8101	chr7	122318410	122886460	CADPS2	0
chr7	124919974	124920011	8114	chr7	124822385	124929825	POT1	0
chr7	140791530	140791532	8213	chr7	140713327	140924929	BRAF	0
chr7	140908785	140909004	8214	chr7	140713327	140924929	BRAF	0
chr7	140918868	140918886	8215	chr7	140713327	140924929	BRAF	0
chr7	141574859	141574877	8219	chr7	141551409	141655244	AGK	0
chr7	144499569	144499571	8228	chr7	144451940	144836437	TPK1	0
chr7	144526915	144526917	8229	chr7	144451940	144836437	TPK1	0
chr7	144609686	144609688	8230	chr7	144451940	144836437	TPK1	0
chr7	144681401	144681449	8231	chr7	144451940	144836437	TPK1	0
chr7	144797575	144797577	8232	chr7	144451940	144836437	TPK1	0
chr7	146155684	146155704	8241	chr7	146116800	148420998	CNTNAP2	0
chr7	146392308	146392310	8242	chr7	146116800	148420998	CNTNAP2	0
chr7	146602889	146605548	8243	chr7	146116800	148420998	CNTNAP2	0
chr7	146842981	146843311	8244	chr7	146116800	148420998	CNTNAP2	0
chr7	146948313	146948315	8245	chr7	146116800	148420998	CNTNAP2	0
chr7	147061782	147062128	8246	chr7	146116800	148420998	CNTNAP2	0
chr7	147096964	147096985	8247	chr7	146116800	148420998	CNTNAP2	0
chr7	147120724	147120741	8248	chr7	146116800	148420998	CNTNAP2	0
chr7	147186863	147187078	8249	chr7	146116800	148420998	CNTNAP2	0
chr7	147256984	147257005	8250	chr7	146116800	148420998	CNTNAP2	0
chr7	147635197	147635199	8251	chr7	146116800	148420998	CNTNAP2	0
chr7	147676092	147676113	8252	chr7	146116800	148420998	CNTNAP2	0
chr7	147882766	147882793	8253	chr7	146116800	148420998	CNTNAP2	0
chr7	148182343	148182380	8254	chr7	146116800	148420998	CNTNAP2	0
chr7	148291294	148291316	8255	chr7	146116800	148420998	CNTNAP2	0
chr7	148386426	148386454	8256	chr7	146116800	148420998	CNTNAP2	0
chr7	148391413	148391415	8257	chr7	146116800	148420998	CNTNAP2	0
chr7	153832677	153832749	8296	chr7	153748132	154894285	DPP6	0
chr7	154062983	154063066	8297	chr7	153748132	154894285	DPP6	0
chr7	154222392	154224881	8298	chr7	153748132	154894285	DPP6	0
chr7	154242380	154242382	8299	chr7	153748132	154894285	DPP6	0
chr7	154442483	154442501	8300	chr7	153748132	154894285	DPP6	0
chr7	154600268	154608021	8301	chr7	153748132	154894285	DPP6	0
chr7	155806935	155806962	8309	chr7	155799979	155812463	SHH	0
chr7	156864150	156864168	8314	chr7	156669011	156893183	LMBR1	0
chr8	884660	884662	8343	chr8	737627	1708476	DLGAP2	0
chr8	1023587	1023644	8344	chr8	737627	1708476	DLGAP2	0
chr8	1315357	1316994	8345	chr8	737627	1708476	DLGAP2	0
chr8	1356993	1358915	8346	chr8	737627	1708476	DLGAP2	0
chr8	2987954	2987974	8356	chr8	2935360	4994914	CSMD1	0
chr8	3067069	3067094	8357	chr8	2935360	4994914	CSMD1	0
chr8	3262184	3262219	8358	chr8	2935360	4994914	CSMD1	0
chr8	3310793	3310823	8359	chr8	2935360	4994914	CSMD1	0
chr8	3382506	3382508	8360	chr8	2935360	4994914	CSMD1	0
chr8	3440205	3440232	8361	chr8	2935360	4994914	CSMD1	0
chr8	3597421	3597423	8362	chr8	2935360	4994914	CSMD1	0
chr8	3610475	3610477	8363	chr8	2935360	4994914	CSMD1	0
chr8	3634691	3634711	8364	chr8	2935360	4994914	CSMD1	0
chr8	3643647	3643679	8365	chr8	2935360	4994914	CSMD1	0
chr8	3723962	3724149	8366	chr8	2935360	4994914	CSMD1	0
chr8	3795076	3795872	8367	chr8	2935360	4994914	CSMD1	0
chr8	3928490	3933226	8368	chr8	2935360	4994914	CSMD1	0
chr8	3937520	3937551	8369	chr8	2935360	4994914	CSMD1	0
chr8	4077306	4077308	8370	chr8	2935360	4994914	CSMD1	0
chr8	4139414	4146965	8371	chr8	2935360	4994914	CSMD1	0
chr8	4205704	4205734	8372	chr8	2935360	4994914	CSMD1	0
chr8	4214908	4214928	8373	chr8	2935360	4994914	CSMD1	0
chr8	4265366	4267441	8374	chr8	2935360	4994914	CSMD1	0
chr8	4461060	4461587	8375	chr8	2935360	4994914	CSMD1	0
chr8	8792240	8792242	8401	chr8	8783353	8893630	MFHAS1	0
chr8	11854592	11854594	8414	chr8	11842523	11868087	CTSB	0
chr8	18067105	18067135	8453	chr8	18055991	18084961	ASAH1	0
chr8	18594134	18594341	8456	chr8	18527302	19084805	PSD3	0
chr8	18721294	18721313	8457	chr8	18527302	19084805	PSD3	0
chr8	18760423	18760454	8458	chr8	18527302	19084805	PSD3	0
chr8	18793940	18794916	8459	chr8	18527302	19084805	PSD3	0
chr8	18831083	18831085	8460	chr8	18527302	19084805	PSD3	0
chr8	25420382	25420384	8510	chr8	25419257	25425040	GNRH1	0
chr8	60775361	60775363	8692	chr8	60678739	60868028	CHD7	0
chr8	63173201	63173203	8707	chr8	63168552	63212788	YTHDF3	0
chr8	67087134	67087136	8730	chr8	67064367	67196614	CSPP1	0
chr8	67445451	67445468	8731	chr8	67422037	67746360	CPA6	0
chr8	71302509	71305574	8750	chr8	71197432	71548094	EYA1	0
chr8	71339557	71339559	8751	chr8	71197432	71548094	EYA1	0
chr8	71495494	71495568	8752	chr8	71197432	71548094	EYA1	0
chr8	76834465	76834467	8783	chr8	76681246	76867281	ZFHX4	0
chr8	93815828	93815830	8862	chr8	93754843	93832653	TMEM67	0
chr8	99453167	99453192	8895	chr8	99013273	99877580	VPS13B	0
chr8	99464048	99464073	8896	chr8	99013273	99877580	VPS13B	0
chr8	99815087	99815129	8897	chr8	99013273	99877580	VPS13B	0
chr8	99854633	99854652	8898	chr8	99013273	99877580	VPS13B	0
chr8	105784302	105785078	8928	chr8	105318437	105804539	ZFPM2	0
chr8	105796273	105796275	8929	chr8	105318437	105804539	ZFPM2	0
chr8	115475653	115475655	8994	chr8	115408495	115668975	TRPS1	0
chr8	117861501	117863355	9007	chr8	117794489	118111826	EXT1	0
chr8	117932866	117932893	9008	chr8	117794489	118111826	EXT1	0
chr8	118019245	118019267	9009	chr8	117794489	118111826	EXT1	0
chr8	139828108	139828135	9139	chr8	139727724	140458579	TRAPPC9	0
chr8	139836977	139836979	9140	chr8	139727724	140458579	TRAPPC9	0
chr8	139937979	139937996	9141	chr8	139727724	140458579	TRAPPC9	0
chr8	139960608	139962907	9142	chr8	139727724	140458579	TRAPPC9	0
chr8	140061283	140061308	9143	chr8	139727724	140458579	TRAPPC9	0
chr8	140062974	140062994	9144	chr8	139727724	140458579	TRAPPC9	0
chr8	140199433	140199461	9145	chr8	139727724	140458579	TRAPPC9	0
chr8	140453512	140453514	9146	chr8	139727724	140458579	TRAPPC9	0
chr8	143551893	143554070	9170	chr8	143553386	143563062	GSDMD	0
chr8	143824247	143824269	9173	chr8	143816343	143829315	PUF60	0
chr9	508543	508826	9179	chr9	470294	746103	KANK1	0
chr9	514140	527932	9180	chr9	470294	746103	KANK1	0
chr9	642167	648240	9181	chr9	470294	746103	KANK1	0
chr9	663203	663222	9182	chr9	470294	746103	KANK1	0
chr9	714062	714085	9183	chr9	470294	746103	KANK1	0
chr9	844446	844448	9185	chr9	841696	969090	DMRT1	0
chr9	871492	872223	9186	chr9	841696	969090	DMRT1	0
chr9	900163	900165	9187	chr9	841696	969090	DMRT1	0
chr9	2191855	2191875	9198	chr9	2015346	2193624	SMARCA2	0
chr9	3953762	3953803	9205	chr9	3824126	4490465	GLIS3	0
chr9	4112994	4113014	9206	chr9	3824126	4490465	GLIS3	0
chr9	4348335	4348352	9207	chr9	3824126	4490465	GLIS3	0
chr9	4376416	4377645	9208	chr9	3824126	4490465	GLIS3	0
chr9	13148715	13148717	9271	chr9	13105706	13279692	MPDZ	0
chr9	14390497	14390515	9280	chr9	14081842	14532077	NFIB	0
chr9	21917056	21917076	9319	chr9	21802635	21941115	MTAP	0
chr9	33150141	33150143	9408	chr9	33104076	33185089	B4GALT1	0
chr9	92535134	92535136	9587	chr9	92325467	92620529	CENPP	0
chr9	92618743	92618760	9588	chr9	92325467	92620529	CENPP	0
chr9	94616433	94616435	9597	chr9	94603132	94640263	FBP1	0
chr9	106909239	106909241	9685	chr9	106860157	107013634	ZNF462	0
chr9	106913632	106914285	9686	chr9	106860157	107013634	ZNF462	0
chr9	106942918	106942941	9687	chr9	106860157	107013634	ZNF462	0
chr9	106977211	106979772	9688	chr9	106860157	107013634	ZNF462	0
chr9	114464838	114464870	9745	chr9	114402079	114505473	WHRN	0
chr9	116589625	116589648	9753	chr9	116423111	117415057	ASTN2	0
chr9	116601914	116601932	9754	chr9	116423111	117415057	ASTN2	0
chr9	116625579	116625581	9755	chr9	116423111	117415057	ASTN2	0
chr9	116887688	116887710	9756	chr9	116423111	117415057	ASTN2	0
chr9	117003952	117003954	9757	chr9	116423111	117415057	ASTN2	0
chr9	117061138	117061160	9758	chr9	116423111	117415057	ASTN2	0
chr9	117061376	117061378	9759	chr9	116423111	117415057	ASTN2	0
chr9	117282607	117282936	9760	chr9	116423111	117415057	ASTN2	0
chr9	126663189	126663209	9800	chr9	126613927	126701032	LMX1B	0
chr9	127668972	127669014	9807	chr9	127611911	127696029	STXBP1	0
chr9	132943274	132943276	9843	chr9	132891348	132945378	TSC1	0
chr9	133557956	133557982	9849	chr9	133532163	133575519	ADAMTSL2	0
chr9	133651337	133651376	9850	chr9	133636362	133659329	DBH	0
chr10	199871	199892	9883	chr10	130087	254637	ZMYND11	0
chr10	17083515	17083517	10005	chr10	16823965	17129811	CUBN	0
chr10	17099788	17099814	10006	chr10	16823965	17129811	CUBN	0
chr10	21186987	21187011	10036	chr10	20779972	21293050	NEBL	0
chr10	27093897	27093927	10081	chr10	26947581	27100494	ANKRD26	0
chr10	53823727	53823729	10236	chr10	53802770	55627942	PCDH15	0
chr10	54113638	54113640	10237	chr10	53802770	55627942	PCDH15	0
chr10	54133914	54134373	10238	chr10	53802770	55627942	PCDH15	0
chr10	54325012	54325014	10239	chr10	53802770	55627942	PCDH15	0
chr10	54347845	54347847	10240	chr10	53802770	55627942	PCDH15	0
chr10	54423267	54424611	10241	chr10	53802770	55627942	PCDH15	0
chr10	54726107	54726160	10242	chr10	53802770	55627942	PCDH15	0
chr10	54917997	54918024	10243	chr10	53802770	55627942	PCDH15	0
chr10	54923017	54924599	10244	chr10	53802770	55627942	PCDH15	0
chr10	54979811	54979813	10245	chr10	53802770	55627942	PCDH15	0
chr10	55119524	55119549	10246	chr10	53802770	55627942	PCDH15	0
chr10	55204520	55204522	10247	chr10	53802770	55627942	PCDH15	0
chr10	55227446	55227479	10248	chr10	53802770	55627942	PCDH15	0
chr10	55420257	55420275	10249	chr10	53802770	55627942	PCDH15	0
chr10	66071385	66071387	10322	chr10	65912522	67763594	CTNNA3	0
chr10	66085861	66085863	10323	chr10	65912522	67763594	CTNNA3	0
chr10	66325706	66325708	10324	chr10	65912522	67763594	CTNNA3	0
chr10	66481453	66481764	10325	chr10	65912522	67763594	CTNNA3	0
chr10	66651799	66651801	10326	chr10	65912522	67763594	CTNNA3	0
chr10	66712603	66712605	10327	chr10	65912522	67763594	CTNNA3	0
chr10	66781085	66781108	10328	chr10	65912522	67763594	CTNNA3	0
chr10	67072886	67072888	10329	chr10	65912522	67763594	CTNNA3	0
chr10	67301966	67302068	10330	chr10	65912522	67763594	CTNNA3	0
chr10	67575341	67575343	10331	chr10	65912522	67763594	CTNNA3	0
chr10	82368057	82370609	10406	chr10	81875193	82987179	NRG3	0
chr10	82521871	82521891	10407	chr10	81875193	82987179	NRG3	0
chr10	82540084	82540131	10408	chr10	81875193	82987179	NRG3	0
chr10	82607338	82607413	10409	chr10	81875193	82987179	NRG3	0
chr10	82714138	82714140	10410	chr10	81875193	82987179	NRG3	0
chr10	85806579	85806608	10426	chr10	85599551	86366795	GRID1	0
chr10	86130199	86130201	10427	chr10	85599551	86366795	GRID1	0
chr10	86805899	86805980	10429	chr10	86755762	86932844	BMPR1A	0
chr10	88963418	88963420	10438	chr10	88935073	88991337	ACTA2	0
chr10	89438133	89438135	10441	chr10	89430298	89556704	SLC16A12	0
chr10	92621595	92621597	10461	chr10	92593129	92655395	KIF11	0
chr10	93785720	93786738	10466	chr10	93757935	93798159	LGI1	0
chr10	98737221	98737531	10496	chr10	98457076	99315951	HPSE2	0
chr10	99144909	99144926	10497	chr10	98457076	99315951	HPSE2	0
chr10	99164226	99164262	10498	chr10	98457076	99315951	HPSE2	0
chr10	101634254	101635336	10507	chr10	101610665	101695295	FBXW4	0
chr11	2474699	2474701	10739	chr11	2445007	2849105	KCNQ1	0
chr11	2515397	2515419	10740	chr11	2445007	2849105	KCNQ1	0
chr11	2608682	2608709	10741	chr11	2445007	2849105	KCNQ1	0
chr11	2608682	2608709	10741	chr11	2608327	2699994	KCNQ1OT1	0
chr11	2793405	2793478	10742	chr11	2445007	2849105	KCNQ1	0
chr11	34087320	34087631	10955	chr11	34051730	34102610	CAPRIN1	0
chr11	46014683	46015032	11034	chr11	45929318	46121454	PHF21A	0
chr11	66162702	66162725	11154	chr11	66070271	66244744	PACS1	0
chr11	66164595	66164597	11155	chr11	66070271	66244744	PACS1	0
chr11	66166426	66171860	11156	chr11	66070271	66244744	PACS1	0
chr11	68329620	68329639	11159	chr11	68298411	68449275	LRP5	0
chr11	68801675	68801677	11160	chr11	68754619	68844277	CPT1A	0
chr11	70535978	70536006	11166	chr11	70467853	71253228	SHANK2	0
chr11	70866736	70867196	11167	chr11	70467853	71253228	SHANK2	0
chr11	70935742	70935744	11168	chr11	70467853	71253228	SHANK2	0
chr11	71177124	71177126	11169	chr11	70467853	71253228	SHANK2	0
chr11	83577483	83577485	11243	chr11	83455011	85628373	DLG2	0
chr11	83605006	83605008	11244	chr11	83455011	85628373	DLG2	0
chr11	83753611	83756875	11245	chr11	83455011	85628373	DLG2	0
chr11	83990870	83990890	11246	chr11	83455011	85628373	DLG2	0
chr11	84130490	84130538	11247	chr11	83455011	85628373	DLG2	0
chr11	84381307	84381327	11248	chr11	83455011	85628373	DLG2	0
chr11	84542916	84542918	11249	chr11	83455011	85628373	DLG2	0
chr11	85039250	85039252	11250	chr11	83455011	85628373	DLG2	0
chr11	85138777	85138816	11251	chr11	83455011	85628373	DLG2	0
chr11	85491911	85492018	11252	chr11	83455011	85628373	DLG2	0
chr11	85500268	85500595	11253	chr11	83455011	85628373	DLG2	0
chr11	87146318	87146336	11258	chr11	87037933	87328824	TMEM135	0
chr11	87159616	87159618	11259	chr11	87037933	87328824	TMEM135	0
chr11	87170031	87170033	11260	chr11	87037933	87328824	TMEM135	0
chr11	102168425	102168457	11344	chr11	102110446	102233424	YAP1	0
chr11	108515460	108515462	11390	chr11	108505434	108607536	EXPH5	0
chr11	108569356	108569358	11391	chr11	108505434	108607536	EXPH5	0
chr11	110182504	110182532	11402	chr11	110174921	110296614	RDX	0
chr11	119282105	119282242	11444	chr11	119206338	119308149	CBL	0
chr11	121108793	121108828	11453	chr11	121101242	121191490	TECTA	0
chr12	2091581	2091602	11554	chr12	1970779	2697950	CACNA1C	0
chr12	6579041	6579178	11580	chr12	6570081	6607379	CHD4	0
chr12	11703253	11703311	11621	chr12	11649673	11895377	ETV6	0
chr12	11873480	11874220	11622	chr12	11649673	11895377	ETV6	0
chr12	13578847	13578867	11631	chr12	13537336	13982134	GRIN2B	0
chr12	13757365	13757552	11632	chr12	13537336	13982134	GRIN2B	0
chr12	13788674	13788773	11633	chr12	13537336	13982134	GRIN2B	0
chr12	13819388	13819406	11634	chr12	13537336	13982134	GRIN2B	0
chr12	13899388	13899880	11635	chr12	13537336	13982134	GRIN2B	0
chr12	21584370	21584406	11690	chr12	21532576	21604847	GYS2	0
chr12	23530817	23530819	11699	chr12	23529503	24562650	SOX5	0
chr12	23642790	23643105	11700	chr12	23529503	24562650	SOX5	0
chr12	23671250	23671252	11701	chr12	23529503	24562650	SOX5	0
chr12	23786586	23787155	11702	chr12	23529503	24562650	SOX5	0
chr12	23992160	23992188	11703	chr12	23529503	24562650	SOX5	0
chr12	24289439	24289755	11704	chr12	23529503	24562650	SOX5	0
chr12	32801798	32801800	11765	chr12	32790754	32896777	PKP2	0
chr12	65194700	65194819	11946	chr12	65169582	65248355	LEMD3	0
chr12	66444563	66444565	11950	chr12	66347430	67069338	GRIP1	0
chr12	66584706	66584733	11951	chr12	66347430	67069338	GRIP1	0
chr12	67055350	67055443	11952	chr12	66347430	67069338	GRIP1	0
chr12	67060854	67060881	11953	chr12	66347430	67069338	GRIP1	0
chr12	70279856	70279885	11969	chr12	70243017	70354993	CNOT2	0
chr12	80220578	80220756	12027	chr12	80099536	80380880	OTOGL	0
chr12	93725447	93725449	12109	chr12	93677374	93894840	CRADD	0
chr12	102927469	102927471	12161	chr12	102836888	102958441	PAH	0
chr12	112581684	112582681	12215	chr12	112575235	112898881	RPH3A	0
chr12	112833559	112833561	12216	chr12	112575235	112898881	RPH3A	0
chr12	112874719	112874743	12217	chr12	112575235	112898881	RPH3A	0
chr12	120984646	120984663	12248	chr12	120978542	121002512	HNF1A	0
chr12	121792100	121792155	12252	chr12	121790154	121832656	SETD1B	0
chr13	23212391	23212393	12398	chr13	23160507	23325162	SGCG	0
chr13	23304978	23305004	12399	chr13	23160507	23325162	SGCG	0
chr13	23353028	23353030	12400	chr13	23328829	23433702	SACS	0
chr13	25399982	25399984	12415	chr13	25371973	26025851	ATP8A2	0
chr13	25665585	25665587	12416	chr13	25371973	26025851	ATP8A2	0
chr13	25677487	25677525	12417	chr13	25371973	26025851	ATP8A2	0
chr13	25678448	25678450	12418	chr13	25371973	26025851	ATP8A2	0
chr13	25710849	25710851	12419	chr13	25371973	26025851	ATP8A2	0
chr13	25881240	25881258	12420	chr13	25371973	26025851	ATP8A2	0
chr13	31746766	31746768	12466	chr13	31739525	31803389	RXFP2	0
chr13	31756075	31756077	12467	chr13	31739525	31803389	RXFP2	0
chr13	32383101	32383103	12470	chr13	32315507	32400268	BRCA2	0
chr13	32386566	32386599	12471	chr13	32315507	32400268	BRCA2	0
chr13	34968893	34968895	12482	chr13	34942269	35672736	NBEA	0
chr13	35064166	35064188	12483	chr13	34942269	35672736	NBEA	0
chr13	35560119	35560142	12484	chr13	34942269	35672736	NBEA	0
chr13	35634986	35635016	12485	chr13	34942269	35672736	NBEA	0
chr13	66352260	66352278	12670	chr13	66302833	67230336	PCDH9	0
chr13	66382505	66382542	12671	chr13	66302833	67230336	PCDH9	0
chr13	66397519	66397547	12672	chr13	66302833	67230336	PCDH9	0
chr13	66600646	66603290	12673	chr13	66302833	67230336	PCDH9	0
chr13	66680576	66680595	12674	chr13	66302833	67230336	PCDH9	0
chr13	66770410	66770430	12675	chr13	66302833	67230336	PCDH9	0
chr13	66824650	66824688	12676	chr13	66302833	67230336	PCDH9	0
chr13	77904608	77904657	12748	chr13	77895480	77975527	EDNRB	0
chr13	91459454	91459577	12827	chr13	91398620	92867237	GPC5	0
chr13	91553244	91553246	12828	chr13	91398620	92867237	GPC5	0
chr13	91648408	91648432	12829	chr13	91398620	92867237	GPC5	0
chr13	91650532	91650550	12830	chr13	91398620	92867237	GPC5	0
chr13	91734061	91740114	12831	chr13	91398620	92867237	GPC5	0
chr13	91947647	91947649	12832	chr13	91398620	92867237	GPC5	0
chr13	91986858	91986948	12833	chr13	91398620	92867237	GPC5	0
chr13	92002131	92002158	12834	chr13	91398620	92867237	GPC5	0
chr13	92006942	92006989	12835	chr13	91398620	92867237	GPC5	0
chr13	92347873	92348072	12836	chr13	91398620	92867237	GPC5	0
chr13	92723352	92723354	12837	chr13	91398620	92867237	GPC5	0
chr13	93632544	93632546	12839	chr13	93216528	94408020	GPC6	0
chr13	93650473	93650499	12840	chr13	93216528	94408020	GPC6	0
chr13	93740173	93740273	12841	chr13	93216528	94408020	GPC6	0
chr13	93997580	93997582	12842	chr13	93216528	94408020	GPC6	0
chr13	94309710	94309712	12843	chr13	93216528	94408020	GPC6	0
chr13	94350074	94350076	12844	chr13	93216528	94408020	GPC6	0
chr13	100179699	100179722	12879	chr13	100089092	100530435	PCCA	0
chr13	100392996	100392998	12880	chr13	100089092	100530435	PCCA	0
chr14	21234840	21234886	13004	chr14	21209146	21269442	HNRNPC	0
chr14	66670523	66670544	13269	chr14	66508146	67735355	GPHN	0
chr14	66918199	66918228	13270	chr14	66508146	67735355	GPHN	0
chr14	67049210	67049212	13271	chr14	66508146	67735355	GPHN	0
chr14	67298119	67298121	13272	chr14	66508146	67735355	GPHN	0
chr14	67302802	67302829	13273	chr14	66508146	67735355	GPHN	0
chr14	67335953	67335980	13274	chr14	66508146	67735355	GPHN	0
chr14	67951992	67951994	13275	chr14	67819778	68683096	RAD51B	0
chr14	67983809	67983832	13276	chr14	67819778	68683096	RAD51B	0
chr14	68136313	68137015	13277	chr14	67819778	68683096	RAD51B	0
chr14	68302491	68302493	13278	chr14	67819778	68683096	RAD51B	0
chr14	68429795	68429851	13279	chr14	67819778	68683096	RAD51B	0
chr14	89981892	89981894	13415	chr14	89954967	90044764	TDP1	0
chr14	95148971	95148973	13435	chr14	95086227	95158010	DICER1	0
chr15	22806531	22806667	13518	chr15	22786224	22829789	NIPA1	0
chr15	24861893	24864272	13534	chr15	24823636	24978723	SNRPN	0
chr15	24871812	24873502	13535	chr15	24823636	24978723	SNRPN	0
chr15	25757907	25758793	13543	chr15	25672236	25865088	ATP10A	0
chr15	26680489	26680491	13550	chr15	26543551	26773763	GABRB3	0
chr15	27733458	27733479	13556	chr15	27719007	28099315	OCA2	0
chr15	27769861	27769901	13557	chr15	27719007	28099315	OCA2	0
chr15	27790073	27790140	13558	chr15	27719007	28099315	OCA2	0
chr15	28096861	28096884	13559	chr15	27719007	28099315	OCA2	0
chr15	31636639	31636657	13568	chr15	31475397	31870673	OTUD7A	0
chr15	42672655	42672678	13623	chr15	42575605	42720998	STARD9	0
chr15	42711866	42712064	13624	chr15	42575605	42720998	STARD9	0
chr15	48547720	48547756	13647	chr15	48408312	48645709	FBN1	0
chr15	52436812	52436833	13662	chr15	52307282	52529050	MYO5A	0
chr15	52523961	52524851	13663	chr15	52307282	52529050	MYO5A	0
chr15	53716768	53716770	13670	chr15	53513740	53762878	WDR72	0
chr15	53718262	53718264	13671	chr15	53513740	53762878	WDR72	0
chr15	56952894	56952922	13694	chr15	56918089	57291310	TCF12	0
chr15	57142464	57142466	13695	chr15	56918089	57291310	TCF12	0
chr15	59133482	59133502	13708	chr15	59132433	59372871	MYO1E	0
chr15	59193063	59193065	13709	chr15	59132433	59372871	MYO1E	0
chr15	59257520	59257522	13710	chr15	59132433	59372871	MYO1E	0
chr15	66414197	66414346	13750	chr15	66386911	66491544	MAP2K1	0
chr15	67112367	67113256	13758	chr15	67065601	67195169	SMAD3	0
chr15	67148423	67148440	13759	chr15	67065601	67195169	SMAD3	0
chr15	67242126	67242462	13760	chr15	67200666	67255198	AAGAB	0
chr15	89633007	89633009	13872	chr15	89617308	89663049	KIF7	0
chr15	98774926	98774945	13927	chr15	98648538	98964530	IGF1R	0
chr15	98850870	98850894	13928	chr15	98648538	98964530	IGF1R	0
chr15	100174227	100174481	13940	chr15	99971436	100341975	ADAMTS17	0
chr15	100230817	100230819	13941	chr15	99971436	100341975	ADAMTS17	0
chr16	104248	110226	13953	chr16	85385	138673	NPRL3	0
chr16	1240153	1245285	13963	chr16	1240704	1242554	TPSAB1	3
chr16	1257668	1257692	13964	chr16	1256068	1259008	TPSD1	0
chr16	2157092	2157146	13968	chr16	2155781	2178129	TRAF7	0
chr16	3632625	3634268	13976	chr16	3611759	3665461	DNASE1	0
chr16	3868271	3868501	13977	chr16	3725053	3880713	CREBBP	0
chr16	8832964	8832966	14009	chr16	8797838	8849325	PMM2	0
chr16	8916402	8916420	14011	chr16	8892096	8963906	USP7	0
chr16	10181166	10181168	14016	chr16	9753403	10182908	GRIN2A	0
chr16	11589876	11591439	14026	chr16	11547721	11640317	LITAF	0
chr16	11636705	11636707	14027	chr16	11547721	11640317	LITAF	0
chr16	15806768	15806770	14040	chr16	15703134	15857028	MYH11	0
chr16	17105011	17105035	14052	chr16	17101768	17470960	XYLT1	0
chr16	17132354	17132380	14053	chr16	17101768	17470960	XYLT1	0
chr16	23545293	23545328	14081	chr16	23520753	23557375	EARS2	0
chr16	23608800	23608802	14082	chr16	23603164	23641310	PALB2	0
chr16	56205675	56205692	14184	chr16	56191488	56357444	GNAO1	0
chr16	56300032	56300066	14185	chr16	56191488	56357444	GNAO1	0
chr16	56900518	56900520	14189	chr16	56865206	56915850	SLC12A3	0
chr16	58600271	58600273	14199	chr16	58519950	58629826	CNOT1	0
chr16	58613285	58616361	14200	chr16	58519950	58629826	CNOT1	0
chr16	70265788	70265807	14266	chr16	70252297	70289506	AARS1	0
chr16	78228053	78228080	14306	chr16	78099653	79212667	WWOX	0
chr16	78321293	78321373	14307	chr16	78099653	79212667	WWOX	0
chr16	78333287	78333316	14308	chr16	78099653	79212667	WWOX	0
chr16	78337740	78351002	14309	chr16	78099653	79212667	WWOX	0
chr16	78360617	78360710	14310	chr16	78099653	79212667	WWOX	0
chr16	78417039	78417041	14311	chr16	78099653	79212667	WWOX	0
chr16	78425898	78425919	14312	chr16	78099653	79212667	WWOX	0
chr16	78490262	78490264	14313	chr16	78099653	79212667	WWOX	0
chr16	78527726	78527728	14314	chr16	78099653	79212667	WWOX	0
chr16	78700311	78700345	14315	chr16	78099653	79212667	WWOX	0
chr16	78735851	78735853	14316	chr16	78099653	79212667	WWOX	0
chr16	78943334	78943336	14317	chr16	78099653	79212667	WWOX	0
chr16	78964711	78964735	14318	chr16	78099653	79212667	WWOX	0
chr16	84447395	84447422	14357	chr16	84368537	84464187	ATP2C2	0
chr16	84455548	84455573	14358	chr16	84368537	84464187	ATP2C2	0
chr16	86514795	86514825	14375	chr16	86510526	86515422	FOXF1	0
chr16	88833330	88833353	14396	chr16	88813733	88856947	GALNS	0
chr16	89100666	89100668	14400	chr16	89093851	89156233	ACSF3	0
chr16	89429185	89429950	14402	chr16	89267629	89490561	ANKRD11	0
chr16	89742385	89742403	14404	chr16	89737548	89816647	FANCA	0
chr17	1136309	1136311	14418	chr17	1003518	1229722	ABR	0
chr17	2623771	2623773	14426	chr17	2593182	2685615	PAFAH1B1	0
chr17	2667300	2668342	14427	chr17	2593182	2685615	PAFAH1B1	0
chr17	7852395	7852449	14464	chr17	7834216	7854796	KDM6B	0
chr17	17700796	17700819	14541	chr17	17681457	17811453	RAI1	0
chr17	29455162	29457356	14578	chr17	29390362	29551903	TAOK1	0
chr17	31127124	31127172	14592	chr17	31094926	31377677	NF1	0
chr17	31206666	31206683	14593	chr17	31094926	31377677	NF1	0
chr17	31964328	31964359	14599	chr17	31937006	32001038	SUZ12	0
chr17	31987611	31987635	14600	chr17	31937006	32001038	SUZ12	0
chr17	37724296	37724322	14630	chr17	37686430	37745059	HNF1B	0
chr17	43071520	43071522	14652	chr17	43044294	43170327	BRCA1	0
chr17	47325920	47325954	14666	chr17	47323954	47441312	EFCAB13	0
chr17	50063081	50063083	14678	chr17	50056109	50090481	ITGA3	0
chr18	2948054	2948074	14937	chr18	2916993	3013144	LPIN2	0
chr18	2997377	2997460	14938	chr18	2916993	3013144	LPIN2	0
chr18	7031679	7031681	14976	chr18	6941741	7117797	LAMA1	0
chr18	7062264	7062287	14977	chr18	6941741	7117797	LAMA1	0
chr18	7067233	7067275	14978	chr18	6941741	7117797	LAMA1	0
chr18	7073836	7073891	14979	chr18	6941741	7117797	LAMA1	0
chr18	7082884	7082969	14980	chr18	6941741	7117797	LAMA1	0
chr18	31083334	31083354	15086	chr18	31058839	31102421	DSC2	0
chr18	33602802	33602837	15105	chr18	33578218	33751195	ASXL3	0
chr18	45045453	45046135	15159	chr18	44680072	45068510	SETBP1	0
chr18	47853241	47853437	15174	chr18	47808956	47930872	SMAD2	0
chr18	47860680	47860698	15175	chr18	47808956	47930872	SMAD2	0
chr18	49440048	49441136	15188	chr18	49036386	49460645	DYM	0
chr18	49452649	49453232	15189	chr18	49036386	49460645	DYM	0
chr18	50168608	50172017	15192	chr18	49822788	50195147	MYO5B	0
chr18	55449899	55449928	15211	chr18	55222184	55635957	TCF4	0
chr18	55534524	55534541	15212	chr18	55222184	55635957	TCF4	0
chr18	77256522	77256524	15349	chr18	77249847	77277900	GALR1	0
chr19	1009550	1009579	15386	chr19	1000418	1009732	GRIN3B	0
chr19	11099311	11099333	15471	chr19	11089462	11133820	LDLR	0
chr19	13457830	13457855	15483	chr19	13206441	13506479	CACNA1A	0
chr19	38497172	38497206	15630	chr19	38433690	38587564	RYR1	0
chr19	38539891	38539921	15631	chr19	38433690	38587564	RYR1	0
chr19	51628599	51628627	15696	chr19	51610959	51630401	SIGLEC5	0
chr20	453341	454088	15745	chr20	435479	462533	TBC1D20	0
chr20	8206969	8207154	15821	chr20	8132265	8884900	PLCB1	0
chr20	8214679	8214696	15822	chr20	8132265	8884900	PLCB1	0
chr20	8358110	8358112	15823	chr20	8132265	8884900	PLCB1	0
chr20	8534541	8534579	15824	chr20	8132265	8884900	PLCB1	0
chr20	8752970	8752972	15825	chr20	8132265	8884900	PLCB1	0
chr20	8836461	8836463	15826	chr20	8132265	8884900	PLCB1	0
chr20	8873160	8873162	15827	chr20	8132265	8884900	PLCB1	0
chr20	13817801	13817825	15858	chr20	13785027	13821580	NDUFAF5	0
chr20	38490649	38490727	15984	chr20	38472842	38578858	RALGAPB	0
chr20	43527560	43527598	16008	chr20	43507696	43550954	L3MBTL1	0
chr20	58847240	58847266	16113	chr20	58839747	58911192	GNAS	0
chr20	58890286	58890312	16114	chr20	58839747	58911192	GNAS	0
chr21	26027825	26027827	16240	chr21	25880549	26171128	APP	1
chr21	26029460	26029478	16241	chr21	25880549	26171128	APP	1
chr21	26045224	26045226	16242	chr21	25880549	26171128	APP	1
chr21	26075780	26075797	16243	chr21	25880549	26171128	APP	1
chr21	26100694	26100696	16244	chr21	25880549	26171128	APP	1
chr21	33866484	33866511	16296	chr21	33642500	33899861	ITSN1	0
chr21	33866932	33866934	16297	chr21	33642500	33899861	ITSN1	0
chr21	34923682	34923899	16299	chr21	34787800	35049302	RUNX1	0
chr21	35022894	35022896	16300	chr21	34787800	35049302	RUNX1	0
chr21	36492137	36492461	16309	chr21	36460620	36576569	CLDN14	0
chr21	36778970	36785480	16311	chr21	36748624	36990211	HLCS	0
chr21	37704235	37704300	16313	chr21	37607372	37916457	KCNJ6	0
chr21	37860886	37860935	16314	chr21	37607372	37916457	KCNJ6	0
chr21	40029151	40029153	16329	chr21	40010998	40847158	DSCAM	0
chr21	40185734	40185736	16330	chr21	40010998	40847158	DSCAM	0
chr21	40264935	40264952	16331	chr21	40010998	40847158	DSCAM	0
chr21	40265050	40265076	16332	chr21	40010998	40847158	DSCAM	0
chr21	40402284	40402316	16333	chr21	40010998	40847158	DSCAM	0
chr21	40565091	40565093	16334	chr21	40010998	40847158	DSCAM	0
chr21	40617183	40618642	16335	chr21	40010998	40847158	DSCAM	0
chr21	40668199	40668201	16336	chr21	40010998	40847158	DSCAM	0
chr21	40711006	40711039	16337	chr21	40010998	40847158	DSCAM	0
chr21	46189827	46190959	16372	chr21	46188445	46228774	LSS	0
chr21	46523608	46523610	16375	chr21	46458890	46583871	DIP2A	0
chr21	46527013	46527015	16376	chr21	46458890	46583871	DIP2A	0
chr22	17616749	17617061	16397	chr22	17592135	17628822	ATP6V1E1	0
chr22	19781974	19781976	16413	chr22	19756702	19783593	TBX1	0
chr22	23180772	23180795	16436	chr22	23180508	23318037	BCR	0
chr22	23236846	23236872	16437	chr22	23180508	23318037	BCR	0
chr22	28712093	28712095	16482	chr22	28687742	28741834	CHEK2	0
chr22	31812534	31812852	16506	chr22	31753967	31908033	DEPDC5	0
chr22	31821365	31821367	16507	chr22	31753967	31908033	DEPDC5	0
chr22	31864941	31865078	16508	chr22	31753967	31908033	DEPDC5	0
chr22	33224318	33224320	16517	chr22	33066662	33922824	LARGE1	0
chr22	33241921	33241938	16518	chr22	33066662	33922824	LARGE1	0
chr22	33355628	33355781	16519	chr22	33066662	33922824	LARGE1	0
chr22	33531320	33531350	16520	chr22	33066662	33922824	LARGE1	0
chr22	33600622	33600624	16521	chr22	33066662	33922824	LARGE1	0
chr22	33675859	33675912	16522	chr22	33066662	33922824	LARGE1	0
chr22	33825388	33825418	16523	chr22	33066662	33922824	LARGE1	0
chr22	33828394	33828422	16524	chr22	33066662	33922824	LARGE1	0
chr22	37099876	37099878	16549	chr22	37065435	37110536	TMPRSS6	0
chr22	40058395	40058440	16563	chr22	40044833	40335808	TNRC6B	0
chr22	40148661	40148663	16564	chr22	40044833	40335808	TNRC6B	0
chr22	42702643	42703013	16576	chr22	42692120	42721301	A4GALT	0
chr22	42705439	42706193	16577	chr22	42692120	42721301	A4GALT	0
chr22	42720270	42720272	16578	chr22	42692120	42721301	A4GALT	0
chr22	49908357	49908783	16643	chr22	49859310	49918438	ALG12	0
chrX	1284037	1284039	16684	chrX	1268813	1325218	CSF2RA	0
chrX	1292177	1293602	16685	chrX	1268813	1325218	CSF2RA	0
chrX	1318998	1320042	16686	chrX	1268813	1325218	CSF2RA	0
chrX	2918415	2918650	16705	chrX	2903971	2929339	ARSD	0
chrX	10740864	10740905	16728	chrX	10445309	10833683	MID1	0
chrX	13718466	13718483	16739	chrX	13712244	13734620	TRAPPC2	0
chrX	13718466	13718483	16739	chrX	13714504	13773738	OFD1	0
chrX	14694574	14694597	16740	chrX	14689523	14873069	FANCB	0
chrX	14717605	14717607	16741	chrX	14689523	14873069	FANCB	0
chrX	14779640	14781287	16742	chrX	14689523	14873069	FANCB	0
chrX	14802133	14802135	16743	chrX	14689523	14873069	FANCB	0
chrX	17619312	17620045	16753	chrX	17375199	17735994	NHS	0
chrX	19356681	19356819	16757	chrX	19343926	19361718	PDHA1	0
chrX	20220460	20220549	16759	chrX	20149910	20267097	RPS6KA3	0
chrX	28893315	28893333	16784	chrX	28587445	29956718	IL1RAPL1	0
chrX	30692067	30692095	16789	chrX	30653422	30731462	GK	0
chrX	31327462	31327485	16792	chrX	31119221	33339388	DMD	0
chrX	31371293	31371318	16793	chrX	31119221	33339388	DMD	0
chrX	31559343	31559661	16794	chrX	31119221	33339388	DMD	0
chrX	31793011	31793029	16795	chrX	31119221	33339388	DMD	0
chrX	31865656	31865658	16796	chrX	31119221	33339388	DMD	0
chrX	31867088	31867090	16797	chrX	31119221	33339388	DMD	0
chrX	32112112	32112156	16798	chrX	31119221	33339388	DMD	0
chrX	32385619	32385621	16799	chrX	31119221	33339388	DMD	0
chrX	32601659	32601691	16800	chrX	31119221	33339388	DMD	0
chrX	32626318	32627537	16801	chrX	31119221	33339388	DMD	0
chrX	32901409	32903318	16802	chrX	31119221	33339388	DMD	0
chrX	32942111	32942113	16803	chrX	31119221	33339388	DMD	0
chrX	32969204	32970962	16804	chrX	31119221	33339388	DMD	0
chrX	33254235	33254237	16805	chrX	31119221	33339388	DMD	0
chrX	38404689	38404713	16834	chrX	38327683	38422928	OTC	0
chrX	41198365	41198432	16844	chrX	41085444	41236579	USP9X	0
chrX	49966576	49968963	16859	chrX	49922595	50099230	CLCN5	0
chrX	50691514	50691516	16861	chrX	50575533	50814194	SHROOM4	0
chrX	54475504	54475544	16868	chrX	54445453	54496234	FGD1	0
chrX	55930789	55930847	16873	chrX	55908122	56291531	KLF8	0
chrX	69687647	69687680	16884	chrX	69616112	70039472	EDA	0
chrX	74485800	74485802	16895	chrX	74421492	74533916	SLC16A2	0
chrX	75379901	75379966	16897	chrX	75368426	75523037	ZDHHC15	0
chrX	77757081	77757103	16903	chrX	77504879	77786216	ATRX	0
chrX	77865887	77868370	16904	chrX	77825746	77895568	MAGT1	0
chrX	100348362	100348380	16981	chrX	100291643	100410273	PCDH19	0
chrX	101836462	101836549	16985	chrX	101832111	101857577	NXF5	0
chrX	111389225	111389227	17001	chrX	111293778	111412192	DCX	0
chrX	120463730	120463958	17028	chrX	120426147	120469349	LAMP2	0
chrX	129582805	129582830	17062	chrX	129540258	129592556	OCRL	0
chrX	133635181	133635453	17070	chrX	133535744	133985594	GPC3	0
chrX	136033602	136033663	17079	chrX	135973836	136047269	SLC9A6	0
chrX	148999586	148999618	17120	chrX	148500616	149000663	AFF2	0
chrX	155560528	155573834	17145	chrX	155489010	155612952	TMLHE	0
